Date,1st Digit,2nd Digit,3rd Digit,4th Digit,5th Digit,6th Digit
2 / 1 / 2009,S,K,Cu,Se,Cd,Gd
3 / 1 / 2009,Cl,Cr,Mn,Zr,Ce,Gd
7 / 1 / 2009,Si,Ga,Br,Zr,Sn,Dy
8 / 1 / 2009,Si,V,Cr,Nb,Lu,Ta
10 / 1 / 2009,He,P,Br,Xe,Nd,Pt
13 / 1 / 2009,F,Si,Sc,Cs,Dy,Th
15 / 1 / 2009,O,P,Cr,Mn,Ru,Cs
17 / 1 / 2009,Al,Cl,Mn,Cs,Gd,At
20 / 1 / 2009,K,Br,In,Te,Re,Au
22 / 1 / 2009,H,He,Zr,Te,Ho,Pb
24 / 1 / 2009,He,Be,Al,V,Ni,Er
27 / 1 / 2009,Ca,Ga,Ru,Sb,Tb,W
29 / 1 / 2009,Co,Ge,Cs,Tb,Os,Rn
31 / 1 / 2009,H,Li,O,Sr,Bi,Ra
3 / 2 / 2009,Na,Al,Cl,In,Sb,Pm
5 / 2 / 2009,N,Ar,Co,As,Br,Tc
7 / 2 / 2009,O,V,Ce,Pm,Os,Au
10 / 2 / 2009,Na,Ar,Ag,Hg,Ac,Th
12 / 2 / 2009,Li,Cr,Ga,Ge,Pm,At
14 / 2 / 2009,N,Ge,Tc,Sn,Er,Ta
17 / 2 / 2009,Cl,Ca,Eu,Pt,Pb,At
19 / 2 / 2009,Ni,Zn,Ge,As,Se,Te
21 / 2 / 2009,C,Y,Zr,Nb,Sn,Xe
24 / 2 / 2009,As,Sr,Ag,Ho,Er,Tl
26 / 2 / 2009,Ne,K,Mn,Br,Sb,Ta
28 / 2 / 2009,C,Fe,Ba,Tb,Tm,Pb
3 / 3 / 2009,Ca,Y,Mo,Rh,W,Ir
5 / 3 / 2009,Cu,Kr,Rb,Zr,Yb,Re
7 / 3 / 2009,Be,Si,Rh,I,Ir,Po
10 / 3 / 2009,As,La,Eu,Tb,Pt,Ra
12 / 3 / 2009,He,Ne,K,Kr,Pt,Th
14 / 3 / 2009,Ne,P,Pd,Sb,Tb,Re
17 / 3 / 2009,Li,Sr,Ru,Sn,I,Yb
19 / 3 / 2009,H,Y,Zr,Te,Xe,Gd
21 / 3 / 2009,Be,Y,Tc,Pr,W,Th
24 / 3 / 2009,H,F,Na,Sc,Kr,Ag
26 / 3 / 2009,Al,Sc,Yb,Lu,Hf,At
28 / 3 / 2009,H,Ne,Cs,Pm,Hf,Ir
31 / 3 / 2009,He,Be,S,Ca,Cu,I
2 / 4 / 2009,Li,Mg,S,Zn,Po,Ac
4 / 4 / 2009,He,Li,Be,Co,Se,Mo
7 / 4 / 2009,Li,Rb,Xe,Tb,Fr,Ac
9 / 4 / 2009,He,V,Kr,Sm,Re,Au
11 / 4 / 2009,C,Se,Pr,Pm,Bi,Th
14 / 4 / 2009,He,B,Ca,Tc,Gd,Bi
16 / 4 / 2009,Li,F,Cl,Sr,Xe,Sm
18 / 4 / 2009,Ca,Pd,Cd,Sm,Lu,Rn
21 / 4 / 2009,K,Ti,Fe,Pr,Pm,Lu
23 / 4 / 2009,Cr,Cu,Zr,Lu,W,Pt
27 / 4 / 2009,N,Zr,Xe,Gd,Tm,Lu
28 / 4 / 2009,Na,Mg,Ge,Cs,Hf,Fr
30 / 4 / 2009,Ni,Gd,Tb,Ir,At,Ac
2 / 5 / 2009,He,Mn,Ga,Sr,Rh,Po
5 / 5 / 2009,N,Mg,K,Tc,Lu,Ir
7 / 5 / 2009,Ga,Tc,Ho,Tm,Os,Hg
9 / 5 / 2009,F,Na,Zr,Cd,Er,Po
12 / 5 / 2009,Be,F,Ti,V,Ag,Ta
14 / 5 / 2009,H,Ti,Nb,Tm,Ta,Ac
16 / 5 / 2009,Y,Sn,Cs,La,Pt,Pb
19 / 5 / 2009,Kr,Cs,Sm,Dy,Tl,At
21 / 5 / 2009,Na,Si,Cl,Cr,Y,Cd
23 / 5 / 2009,F,Mn,Cu,Tc,Cd,Xe
26 / 5 / 2009,C,As,Br,Gd,Dy,Ir
28 / 5 / 2009,B,Co,Rb,Eu,Ho,Ir
30 / 5 / 2009,H,Al,Cl,Ga,Ce,Sm
3 / 6 / 2009,Ge,As,Rb,Tc,Ru,Au
4 / 6 / 2009,N,La,Nd,Ho,Tm,Th
6 / 6 / 2009,O,Si,S,Ar,Ba,Nd
9 / 6 / 2009,Si,Cl,Y,Ag,Ce,At
11 / 6 / 2009,Be,Ne,Cr,Pr,Hf,Bi
13 / 6 / 2009,O,K,Mn,Ta,Os,Po
16 / 6 / 2009,C,Si,Y,Ag,Eu,Pb
18 / 6 / 2009,P,Co,Ga,Te,W,Ir
20 / 6 / 2009,H,N,Sr,Ce,Sm,Pt
23 / 6 / 2009,He,Li,Rb,Sr,Ce,Pr
25 / 6 / 2009,V,Kr,Sr,Te,Sm,Eu
27 / 6 / 2009,Cu,Ba,Dy,Ir,Ra,Ac
30 / 6 / 2009,Mg,K,Cr,Sb,Ba,Pt
2 / 7 / 2009,Mg,Al,Sr,Pd,Ag,Hf
4 / 7 / 2009,C,Br,I,Ho,Re,Ac
7 / 7 / 2009,Nb,Ru,Cs,Ba,Er,Au
9 / 7 / 2009,N,Cu,La,Nd,Au,Fr
11 / 7 / 2009,O,Sc,Ge,As,Nd,Tm
14 / 7 / 2009,As,Br,Ag,Sb,Sm,Ac
16 / 7 / 2009,C,Br,Sr,Cd,Ce,Os
18 / 7 / 2009,Be,Ge,Se,Ba,Pm,Pb
21 / 7 / 2009,Co,Ge,Zr,In,Re,Pb
23 / 7 / 2009,F,Mg,Nd,Tm,Hf,Ac
25 / 7 / 2009,N,Br,Kr,Nb,Rh,Ra
28 / 7 / 2009,H,Sc,Cu,Zr,Eu,Yb
30 / 7 / 2009,He,Er,Ir,Tl,Bi,Po
1 / 8 / 2009,Cl,Sc,V,Ga,As,Rb
4 / 8 / 2009,Be,O,Sb,Hf,W,Ra
6 / 8 / 2009,Zr,Nb,In,Ba,Pm,Eu
8 / 8 / 2009,Cr,Sb,Ce,Pm,W,Ir
11 / 8 / 2009,Fe,Cu,Zr,Sn,Xe,Hf
13 / 8 / 2009,Na,Cu,Ba,Eu,Ra,Th
17 / 8 / 2009,Be,Ne,Co,Ni,Se,La
18 / 8 / 2009,He,K,Tc,In,Ir,Pb
20 / 8 / 2009,He,S,Sr,Ho,Yb,Po
22 / 8 / 2009,Ne,Na,Co,Rh,Au,Ra
25 / 8 / 2009,Be,B,Ti,Cd,I,Rn
27 / 8 / 2009,P,Ca,Kr,Tm,W,Fr
29 / 8 / 2009,P,K,Fe,Se,Ho,Tm
1 / 9 / 2009,Mg,Si,K,Sr,Nb,Rh
3 / 9 / 2009,Ar,Xe,Ba,Ce,Sm,Dy
5 / 9 / 2009,P,Ga,Y,In,Gd,At
8 / 9 / 2009,C,Al,Nb,Lu,Re,Rn
10 / 9 / 2009,Cl,Y,Nb,Ag,Ir,Bi
12 / 9 / 2009,B,Sc,Fe,Rh,Ag,In
15 / 9 / 2009,Fe,Nd,Pm,Hf,At,Ra
17 / 9 / 2009,K,Ge,Se,Eu,W,Ac
19 / 9 / 2009,Be,O,Ca,Sc,Ru,Hg
22 / 9 / 2009,Cl,Zr,Sn,Ta,W,Pb
24 / 9 / 2009,B,F,Mn,Zn,Os,Tl
26 / 9 / 2009,Se,Tm,Yb,Ta,Pb,Th
29 / 9 / 2009,Ne,Ti,Cr,Rh,Ho,Os
1 / 10 / 2009,Be,K,Se,Te,Er,Ir
3 / 10 / 2009,Ni,Sr,Pr,Nd,Lu,Bi
6 / 10 / 2009,V,Cr,In,Tm,Yb,Hf
8 / 10 / 2009,H,Mg,Cl,Tb,Yb,Th
10 / 10 / 2009,F,As,Se,Te,Pb,Bi
13 / 10 / 2009,B,Na,Zr,Tc,Ba,Pb
15 / 10 / 2009,Li,Cu,Sb,Cs,Ta,Tl
17 / 10 / 2009,O,Cr,Rh,Ag,Hf,Po
20 / 10 / 2009,Nb,Ag,In,Cs,Ir,Th
22 / 10 / 2009,Cu,As,Se,Gd,Tb,Fr
24 / 10 / 2009,C,Fe,Rb,Sr,Cs,Ta
27 / 10 / 2009,Sr,Tc,Ru,Rh,Eu,Ir
29 / 10 / 2009,Cu,Rb,Mo,Te,Xe,Pr
31 / 10 / 2009,Al,S,Nb,In,Ce,Os
3 / 11 / 2009,Ti,Br,Ru,Dy,Lu,Ra
5 / 11 / 2009,Mg,Ca,Ni,La,W,At
7 / 11 / 2009,F,Na,Yb,W,Re,Po
10 / 11 / 2009,Cr,Ge,Ba,Pr,Os,Tl
12 / 11 / 2009,Rb,Tc,In,Dy,Ta,Ra
14 / 11 / 2009,P,Co,Ga,Zr,Eu,Pb
17 / 11 / 2009,S,Mn,Ni,Zn,Y,Sb
19 / 11 / 2009,H,Br,Mo,Cs,La,Sm
21 / 11 / 2009,Kr,Rb,Sn,La,Ta,Bi
24 / 11 / 2009,K,Ag,Tm,Lu,Rn,Fr
26 / 11 / 2009,Fe,Ga,Ge,Sn,Pm,Ir
28 / 11 / 2009,Li,Mo,Te,Ho,Pt,Rn
1 / 12 / 2009,Sc,Mn,Kr,Sb,Pb,Th
3 / 12 / 2009,K,Zn,Se,In,Xe,W
5 / 12 / 2009,Ca,Eu,Dy,W,Re,Ir
9 / 12 / 2009,F,Zn,Sn,La,Sm,Yb
10 / 12 / 2009,As,Kr,Y,Sn,Tb,Yb
12 / 12 / 2009,Ne,S,Zr,Cs,Dy,Ir
15 / 12 / 2009,H,Be,Cd,I,Pm,At
17 / 12 / 2009,H,V,Ge,I,Dy,Bi
19 / 12 / 2009,F,P,Cl,Se,Ta,Bi
22 / 12 / 2009,C,Al,Cl,Te,Gd,Pb
24 / 12 / 2009,B,Mn,Rb,Te,Sm,Au
28 / 12 / 2009,Se,Kr,Pm,Sm,Pt,Ra
29 / 12 / 2009,Na,S,Sc,Sm,Yb,Po
31 / 12 / 2009,Zr,Nb,Rh,Sb,Te,Au
2 / 1 / 2010,Ne,V,Ag,Eu,Yb,Tl
5 / 1 / 2010,Ru,Cd,In,Er,Rn,Fr
7 / 1 / 2010,Al,Cr,Fe,Se,Os,Ir
9 / 1 / 2010,H,Zn,Ge,Rh,Tm,Bi
12 / 1 / 2010,Fe,Co,Y,Cs,Pr,Eu
14 / 1 / 2010,Be,Cr,Ag,Dy,W,Ir
16 / 1 / 2010,Si,Ar,Ge,As,Pd,Ra
19 / 1 / 2010,B,Ar,Cs,Pr,Tb,W
21 / 1 / 2010,Na,Sc,I,Sm,Eu,Er
23 / 1 / 2010,He,V,Cr,Yb,Tl,Th
26 / 1 / 2010,C,P,Ar,V,I,Sm
28 / 1 / 2010,Sc,V,Mn,Co,Kr,Po
30 / 1 / 2010,Be,Cl,Te,Cs,Ba,Ho
2 / 2 / 2010,O,Fe,Ge,Zr,Sm,Ra
4 / 2 / 2010,Na,Mn,Kr,In,I,At
6 / 2 / 2010,Cr,Zr,Tc,Sb,I,Ra
9 / 2 / 2010,Ca,Ti,Cr,Zr,Sb,Hg
11 / 2 / 2010,Be,K,Ge,Ce,Ta,Fr
13 / 2 / 2010,H,Si,Fe,In,Lu,Ac
16 / 2 / 2010,Pd,Cd,Eu,Er,Bi,At
18 / 2 / 2010,N,Se,In,Sb,Ce,Rn
20 / 2 / 2010,K,Fe,Eu,Ho,Er,Bi
23 / 2 / 2010,Mg,Zn,Br,Ru,In,Sm
25 / 2 / 2010,H,Gd,Ho,Er,Au,Th
27 / 2 / 2010,Al,Tc,Ag,Cs,Ho,Yb
2 / 3 / 2010,Be,B,Ar,Br,Zr,Th
4 / 3 / 2010,Cl,Cr,Se,Cd,Pm,Fr
6 / 3 / 2010,S,Sc,Zn,Br,La,Pt
9 / 3 / 2010,Fe,Ni,Cd,Te,Cs,Th
11 / 3 / 2010,N,O,Mn,Pd,Tb,Pt
13 / 3 / 2010,O,F,Na,Si,Au,Th
16 / 3 / 2010,C,P,Sc,Co,In,At
18 / 3 / 2010,Be,B,Cu,Ce,Lu,Po
20 / 3 / 2010,Be,Ar,Fe,Ag,Pm,Hg
23 / 3 / 2010,Ca,Cu,Ru,Xe,Gd,Tm
25 / 3 / 2010,C,Sn,Ho,Tm,Ir,Ra
27 / 3 / 2010,Ru,Rh,Ce,Tb,Dy,At
30 / 3 / 2010,O,Zn,Gd,Tm,Hg,Ra
1 / 4 / 2010,V,Mn,Rb,Sr,Sn,Rn
3 / 4 / 2010,He,S,K,Ag,In,La
6 / 4 / 2010,H,Zn,Ho,Er,Lu,Hg
8 / 4 / 2010,N,Cu,Kr,Sn,Ba,Re
10 / 4 / 2010,C,Ga,Ce,Gd,W,Pb
13 / 4 / 2010,As,Mo,Pd,Cs,Tm,Th
15 / 4 / 2010,Se,Rb,Sr,Y,Pr,Th
17 / 4 / 2010,Zn,Xe,Dy,Ho,Os,Th
20 / 4 / 2010,Be,Si,Zr,Nb,Xe,Au
22 / 4 / 2010,C,Mn,Cu,Ru,Er,W
24 / 4 / 2010,C,N,Rh,Pd,Ho,At
27 / 4 / 2010,Be,Fe,Ni,Pr,Pm,Er
29 / 4 / 2010,Ga,Sr,In,Xe,Sm,Os
3 / 5 / 2010,K,As,Rh,Cs,Pb,Po
4 / 5 / 2010,B,P,V,Y,Tc,In
6 / 5 / 2010,He,Be,Mn,Se,Pm,Dy
8 / 5 / 2010,Ar,Fe,Rh,Ho,Yb,Th
11 / 5 / 2010,Al,Ni,Y,Rh,Er,Tl
13 / 5 / 2010,K,Cu,Rb,Pd,Gd,Re
15 / 5 / 2010,Ti,Ge,Se,Yb,Pt,Th
18 / 5 / 2010,Sn,Cs,La,Sm,Pt,Bi
20 / 5 / 2010,K,Sr,Cd,Xe,Lu,Po
22 / 5 / 2010,Ga,Ge,La,Pr,Pt,Au
25 / 5 / 2010,C,Se,Tc,Nd,Lu,Ta
27 / 5 / 2010,F,Y,In,Gd,Tb,Hf
29 / 5 / 2010,Ti,Er,Re,Bi,At,Ac
1 / 6 / 2010,Li,P,Pd,Ho,Re,Pt
3 / 6 / 2010,Zn,Sr,Pd,Ag,Sm,Ho
5 / 6 / 2010,H,C,Al,Cr,Pd,Ac
8 / 6 / 2010,Cr,As,Xe,Tm,Au,Rn
10 / 6 / 2010,S,K,Cd,Sb,Tb,At
12 / 6 / 2010,S,Co,Tc,Pd,Sm,At
15 / 6 / 2010,Cd,Xe,Gd,Re,Au,Fr
17 / 6 / 2010,Ca,Pd,Sn,Te,Tm,Rn
19 / 6 / 2010,Li,O,Ne,Ti,Ge,Sn
22 / 6 / 2010,F,K,Xe,Ta,Bi,Th
24 / 6 / 2010,Mg,Ar,In,Sb,Dy,Tm
26 / 6 / 2010,F,Ni,As,Sr,Sn,Cs
29 / 6 / 2010,H,Al,Ar,Nb,Er,Po
1 / 7 / 2010,H,Si,Sr,Ir,Hg,Ac
3 / 7 / 2010,Si,Ar,Cd,Te,Gd,Re
6 / 7 / 2010,F,Se,La,Hf,Po,Ra
8 / 7 / 2010,V,Mn,Tc,Sn,Sb,Pm
10 / 7 / 2010,Ne,Mn,Se,Au,At,Rn
13 / 7 / 2010,F,Ca,As,Cd,Cs,Po
15 / 7 / 2010,Be,B,Na,P,Ca,Pd
17 / 7 / 2010,H,F,Ge,Ba,Lu,Au
20 / 7 / 2010,K,As,Rh,Sn,Xe,Rn
22 / 7 / 2010,Zn,Rb,Nb,Rh,Ag,La
24 / 7 / 2010,Rb,Ag,Sb,Xe,Pt,Pb
27 / 7 / 2010,Rb,Ag,Tm,Re,Rn,Ra
29 / 7 / 2010,C,N,Na,K,Se,In
31 / 7 / 2010,Si,P,S,Co,Ba,La
3 / 8 / 2010,O,Sr,Cd,Dy,Yb,Rn
5 / 8 / 2010,Na,Cl,Ag,La,Au,Rn
7 / 8 / 2010,H,N,K,Tb,Ho,W
10 / 8 / 2010,H,Ne,Cl,Ga,Ce,Hg
12 / 8 / 2010,He,Zr,Ag,Xe,Dy,Bi
14 / 8 / 2010,C,Ne,Tm,Pt,Bi,Rn
17 / 8 / 2010,Be,K,Te,Ho,Pb,Th
19 / 8 / 2010,F,Cl,Rb,Sb,Yb,Pt
21 / 8 / 2010,Si,Pr,Gd,Re,Hg,Bi
24 / 8 / 2010,Sn,I,Dy,Tm,Yb,Th
26 / 8 / 2010,Al,Ni,Kr,Rh,Pr,Tb
28 / 8 / 2010,C,Na,Al,Cd,Hf,Ir
31 / 8 / 2010,Ne,Sc,Br,Zr,Eu,Au
2 / 9 / 2010,Ar,Zn,Zr,Gd,Ra,Ac
4 / 9 / 2010,Al,Xe,Ba,Ho,Pb,Th
7 / 9 / 2010,Li,N,Cd,Ho,Fr,Th
9 / 9 / 2010,O,Fe,Ge,Ru,Pb,Rn
11 / 9 / 2010,Ne,S,Kr,Yb,Lu,Ta
14 / 9 / 2010,C,Cu,Xe,Sm,Hf,Hg
16 / 9 / 2010,B,In,Lu,Bi,At,Ra
18 / 9 / 2010,Be,V,Cr,Br,Ir,Au
21 / 9 / 2010,Pd,In,Pm,Tm,W,Pb
23 / 9 / 2010,Mn,Ge,Gd,W,At,Th
25 / 9 / 2010,Al,S,Rh,Ce,Eu,Hf
28 / 9 / 2010,Ar,Ca,Pd,Xe,La,Tb
30 / 9 / 2010,C,Cr,Cs,Ho,Yb,Re
2 / 10 / 2010,F,S,Ga,Tc,In,Bi
5 / 10 / 2010,Cl,Sr,Mo,Sn,Er,Rn
7 / 10 / 2010,K,Ti,In,Tb,Yb,Fr
9 / 10 / 2010,Cr,Zn,Mo,Xe,Po,At
12 / 10 / 2010,Ar,V,Ga,Sr,Ag,Sb
14 / 10 / 2010,F,P,K,Sr,Cd,Ir
16 / 10 / 2010,S,Ga,Nb,Pm,Tb,Ir
19 / 10 / 2010,Ga,In,Xe,La,Hg,Ra
21 / 10 / 2010,Li,Al,As,Mo,Ba,At
23 / 10 / 2010,Mg,Fe,Pd,Tm,Hf,Fr
26 / 10 / 2010,Zn,Ge,In,I,Hf,Po
28 / 10 / 2010,S,Cu,Ge,I,Pm,Hf
30 / 10 / 2010,Be,Fe,Zr,Xe,Cs,Ho
2 / 11 / 2010,Ga,Y,I,Ba,Er,Th
4 / 11 / 2010,H,Ne,Ag,Sn,Te,W
6 / 11 / 2010,Al,Br,Nb,Ru,Pr,Au
9 / 11 / 2010,V,Rb,Nb,Sb,Sm,W
11 / 11 / 2010,Ni,In,Sn,Xe,Dy,Er
13 / 11 / 2010,He,Se,Rh,Ag,Xe,W
16 / 11 / 2010,Fe,Sr,Zr,Dy,Os,Tl
18 / 11 / 2010,V,Ge,As,Ag,Eu,Tl
20 / 11 / 2010,B,N,Pd,Tb,Ta,Pb
23 / 11 / 2010,Pd,Xe,Tb,Yb,Pb,At
25 / 11 / 2010,B,Si,Cd,Te,La,Th
27 / 11 / 2010,Sc,Sr,Nb,Tc,Te,Ir
30 / 11 / 2010,K,Ca,Ge,Gd,Fr,Ac
2 / 12 / 2010,Ne,Br,Y,La,Pm,Re
4 / 12 / 2010,S,Ca,Kr,Y,Mo,Sb
7 / 12 / 2010,Co,Ga,Rh,Pm,W,Au
9 / 12 / 2010,Mg,Ge,Xe,Nd,Ac,Th
11 / 12 / 2010,Li,Cl,Br,Te,Tm,Bi
14 / 12 / 2010,Li,Cl,Cd,Os,Ir,Th
16 / 12 / 2010,F,P,Co,Xe,Os,Rn
18 / 12 / 2010,Zn,Sr,Te,Eu,W,Ac
21 / 12 / 2010,O,F,K,Cd,Sb,Tl
23 / 12 / 2010,B,Mg,S,Ru,Lu,Re
27 / 12 / 2010,Be,Y,Sm,Ho,Tm,Pt
28 / 12 / 2010,H,Be,Sc,Ba,Tm,Re
30 / 12 / 2010,B,Cu,Br,Y,Nb,Rh
3 / 1 / 2011,Be,N,Mg,Ca,W,Ac
4 / 1 / 2011,H,Mg,Sc,Ga,Y,In
7 / 1 / 2011,Si,Mn,Ru,Xe,Pt,Ac
8 / 1 / 2011,Fe,Er,Ta,Re,Os,Rn
11 / 1 / 2011,Mg,Al,Ga,Tm,Lu,Ir
13 / 1 / 2011,P,Cl,Se,Pr,Bi,Rn
15 / 1 / 2011,B,O,Rb,Ir,Au,Th
18 / 1 / 2011,Ne,Sn,Cs,Pm,Fr,Th
20 / 1 / 2011,Be,V,Br,Xe,Hf,Ra
22 / 1 / 2011,C,O,P,Te,Ho,Rn
25 / 1 / 2011,Li,Mg,Al,P,Tc,Pd
27 / 1 / 2011,H,Na,Co,Rh,In,Pm
29 / 1 / 2011,Na,Br,Ce,Gd,Er,Hf
1 / 2 / 2011,Ti,Zn,Tc,Sm,Yb,Lu
3 / 2 / 2011,Ca,Mn,Rb,Rh,In,Eu
5 / 2 / 2011,Mn,Ge,Tc,Te,Tb,Pt
8 / 2 / 2011,Ne,Na,Ca,Nb,Cs,Bi
10 / 2 / 2011,H,Ag,Xe,Tl,Po,Ac
12 / 2 / 2011,H,Li,K,V,Pm,Pt
15 / 2 / 2011,Mn,Zr,Eu,Pt,Pb,At
17 / 2 / 2011,Ne,Cl,Ar,Mn,Rh,Po
19 / 2 / 2011,Co,Ru,Cd,La,Ir,Bi
22 / 2 / 2011,He,Li,Sr,Mo,Ba,W
24 / 2 / 2011,He,Mn,Sn,Eu,Os,At
26 / 2 / 2011,S,Ar,Ca,Fe,Ge,Br
1 / 3 / 2011,F,Ge,Mo,Cs,Lu,Th
3 / 3 / 2011,Mg,Nb,Gd,Re,Pb,Po
5 / 3 / 2011,Li,Mg,Sr,Sn,Xe,Cs
8 / 3 / 2011,Ti,Ni,Ge,La,Ce,At
10 / 3 / 2011,N,Si,Sc,Ag,Ce,Lu
12 / 3 / 2011,Ti,Fe,Mo,Ru,Ce,Bi
15 / 3 / 2011,C,Mn,Sm,Hg,At,Rn
18 / 3 / 2011,C,S,Br,Te,I,Tm
19 / 3 / 2011,Ne,Sc,Tc,Ag,Ce,At
22 / 3 / 2011,He,Ge,In,Te,Xe,Hg
24 / 3 / 2011,N,Al,K,Tb,Rn,Ra
26 / 3 / 2011,Rb,Sr,Ba,Sm,Yb,Bi
29 / 3 / 2011,He,Na,Rb,Rh,Cd,Dy
31 / 3 / 2011,Li,Mn,Tc,Cs,Hf,Hg
2 / 4 / 2011,O,Si,Ca,Kr,Rh,At
5 / 4 / 2011,B,Zn,Ga,Cs,La,Yb
7 / 4 / 2011,Sc,Ti,Pd,Ba,Eu,Dy
9 / 4 / 2011,Mg,Al,Cl,Sr,W,Fr
12 / 4 / 2011,Cu,Rb,Sn,Sm,Yb,Rn
14 / 4 / 2011,Cr,Fe,Tc,Lu,Au,Hg
16 / 4 / 2011,F,Cl,Cu,Rb,In,Er
19 / 4 / 2011,F,Mg,Sc,Se,Gd,Ho
21 / 4 / 2011,O,Si,V,Mn,Rh,Tm
23 / 4 / 2011,C,Se,Br,Xe,Sm,Po
26 / 4 / 2011,Si,Ge,Ba,Hf,Pt,Au
28 / 4 / 2011,Sr,Mo,Rh,Tm,Rn,Th
30 / 4 / 2011,P,Cu,Kr,Cd,W,Bi
3 / 5 / 2011,Zn,Zr,Sb,Te,Xe,W
5 / 5 / 2011,Sc,Ga,As,Zr,Sn,Te
7 / 5 / 2011,Li,Be,Ti,Tc,Tb,Ho
10 / 5 / 2011,Mg,Br,Re,Os,Pb,Po
12 / 5 / 2011,H,Li,C,Sc,At,Th
14 / 5 / 2011,He,Sc,Ti,Ba,Yb,Tl
17 / 5 / 2011,Ni,Nb,Cs,Tm,Au,Pb
19 / 5 / 2011,B,Cr,Ge,Pt,Hg,Bi
21 / 5 / 2011,O,Mg,Ar,Ga,Ge,At
24 / 5 / 2011,Tb,Hf,W,Au,Fr,Th
26 / 5 / 2011,Ca,Cr,Ga,Sr,Xe,Hf
28 / 5 / 2011,P,S,Au,Hg,Po,Ra
31 / 5 / 2011,H,Ne,Sm,Tm,Pt,At
3 / 6 / 2011,Si,S,Cr,Zn,Se,Hf
4 / 6 / 2011,Sc,Ru,Pd,In,Ce,Ho
7 / 6 / 2011,B,Ca,Ru,Sb,Xe,Th
9 / 6 / 2011,Ne,Cl,Sc,Br,Kr,Os
11 / 6 / 2011,Na,Cu,Y,Nb,Tc,Cs
14 / 6 / 2011,Zr,Ru,In,La,Ce,Fr
16 / 6 / 2011,Ar,Cd,La,Pr,Po,Fr
18 / 6 / 2011,K,Ti,Mn,Ho,W,Ac
21 / 6 / 2011,He,Nb,Sm,Re,Au,Fr
23 / 6 / 2011,Na,Co,Ag,Sn,Ce,Pb
25 / 6 / 2011,Na,Cl,Br,Mo,Lu,Os
28 / 6 / 2011,B,C,Cu,Tc,Dy,W
30 / 6 / 2011,N,Ca,Br,Rb,La,Yb
2 / 7 / 2011,C,F,Na,K,Rh,Sb
5 / 7 / 2011,He,C,N,Sb,La,Lu
7 / 7 / 2011,H,He,Se,Xe,Au,Ra
9 / 7 / 2011,Na,Ti,Mo,In,Ce,Ac
12 / 7 / 2011,N,Co,Ni,Rh,La,Re
14 / 7 / 2011,Sc,Br,Sb,Er,Tl,Th
16 / 7 / 2011,Cl,Ca,Sr,Sb,I,W
19 / 7 / 2011,Br,Tc,Ba,Ce,Lu,Th
21 / 7 / 2011,F,Al,Ga,Br,Rh,Au
23 / 7 / 2011,Kr,Mo,Eu,Ir,Tl,Rn
26 / 7 / 2011,C,Sr,Sn,Eu,Tb,W
28 / 7 / 2011,Sc,V,Mn,Tb,Ho,Pt
30 / 7 / 2011,F,As,Kr,Xe,Nd,Rn
2 / 8 / 2011,H,B,Ge,In,Tm,Hf
4 / 8 / 2011,Li,Ne,Ar,Mo,Ho,Th
6 / 8 / 2011,Ar,Sc,Ce,Tb,Ac,Th
9 / 8 / 2011,Zn,Nb,Cs,Er,Os,Pb
11 / 8 / 2011,O,Cl,Sb,Nd,Eu,Au
13 / 8 / 2011,Si,Ga,Rb,In,W,Pt
16 / 8 / 2011,He,C,Co,Cu,Sr,Cs
18 / 8 / 2011,Ar,V,Se,Rb,Ho,Er
20 / 8 / 2011,Ar,Fe,Cu,Pt,Au,Hg
23 / 8 / 2011,He,Se,Mo,Tc,Ce,Os
25 / 8 / 2011,Ar,Sr,Y,Rh,La,Th
27 / 8 / 2011,F,Tc,Sn,Sb,La,Bi
30 / 8 / 2011,Mg,V,Ge,Br,Te,Cs
1 / 9 / 2011,O,Mg,Fe,Ru,Cd,Sn
3 / 9 / 2011,Li,B,F,Nb,Ce,Sm
6 / 9 / 2011,Si,P,Sc,Nb,Nd,Eu
8 / 9 / 2011,Ca,Rh,Pm,Ho,Hg,Ra
10 / 9 / 2011,He,O,F,Cu,I,Re
13 / 9 / 2011,Pm,Gd,W,Re,Hg,Fr
15 / 9 / 2011,C,K,Zn,Rh,Te,Ac
17 / 9 / 2011,Al,Rh,Yb,Hf,Tl,Po
20 / 9 / 2011,N,V,Y,Cd,Tm,Re
22 / 9 / 2011,Be,C,Co,Rb,Rh,Ce
24 / 9 / 2011,Be,V,Ba,Lu,Os,Pt
27 / 9 / 2011,Ar,Ni,Br,Te,La,Re
29 / 9 / 2011,Na,Fe,Nb,Rh,Re,Ir
1 / 10 / 2011,Li,B,Al,Xe,Ce,At
4 / 10 / 2011,H,O,Nb,Er,Tm,Ta
6 / 10 / 2011,B,O,Na,Ag,Ba,Eu
8 / 10 / 2011,H,Fe,Rh,Ce,Dy,Ra
11 / 10 / 2011,V,Kr,Nb,Tc,Bi,Th
13 / 10 / 2011,F,K,Co,I,Pt,Tl
15 / 10 / 2011,As,Zr,Ru,Xe,Gd,At
18 / 10 / 2011,H,K,Cu,Nd,Os,Ir
20 / 10 / 2011,N,Na,Sc,Se,Tm,Ra
22 / 10 / 2011,F,P,Ti,Ba,Pm,Rn
25 / 10 / 2011,Al,Sc,Cr,Y,Ru,Nd
27 / 10 / 2011,He,Nb,Eu,Gd,Ho,Ta
29 / 10 / 2011,O,S,V,Cr,Lu,Ir
2 / 11 / 2011,B,Si,Nb,Cd,Pr,Th
3 / 11 / 2011,Te,Cs,Tb,Re,Au,Tl
5 / 11 / 2011,V,Ru,Pd,Pr,W,Hg
8 / 11 / 2011,V,Te,Lu,W,Pt,Rn
10 / 11 / 2011,O,Al,Cr,Y,La,Ir
12 / 11 / 2011,Mn,Ge,Pd,Ce,W,Au
15 / 11 / 2011,Ar,Sc,Kr,Sr,Rh,Sm
17 / 11 / 2011,Mg,Mn,Zn,As,Sr,Po
19 / 11 / 2011,Al,Cr,Te,I,Ra,Th
22 / 11 / 2011,Na,S,Cl,Mn,Pm,Hf
24 / 11 / 2011,Li,As,Sm,Tm,Re,Au
26 / 11 / 2011,Fe,Cu,Br,Tl,Pb,Fr
29 / 11 / 2011,Al,Cr,Cu,Rb,Cs,Ho
1 / 12 / 2011,Be,Ne,Cu,Nb,Xe,W
3 / 12 / 2011,N,Al,S,Mo,Ho,Er
6 / 12 / 2011,H,Be,Ne,Cr,Cs,Th
9 / 12 / 2011,H,In,Sb,Nd,Bi,Po
10 / 12 / 2011,Ni,Ga,Cd,Ba,Hf,Pt
13 / 12 / 2011,Ne,Fe,Ga,Kr,Hf,At
15 / 12 / 2011,N,Rb,Zr,I,Cs,Sm
17 / 12 / 2011,He,Ni,Rb,Ba,Ir,Au
20 / 12 / 2011,Sc,Ni,Ba,Eu,Er,Ra
22 / 12 / 2011,Kr,Rb,Ru,Sm,Re,Th
24 / 12 / 2011,S,Nb,Pd,I,Rn,Fr
27 / 12 / 2011,C,F,Sc,Cr,Zn,Ag
29 / 12 / 2011,P,Ca,Mo,Tc,Ag,Bi
31 / 12 / 2011,He,Li,F,Zn,As,Ba
3 / 1 / 2012,Br,Ag,Xe,Er,Lu,Pt
5 / 1 / 2012,Ne,Na,Mg,Cr,Ba,Lu
7 / 1 / 2012,N,P,Nd,Hf,Ir,Th
10 / 1 / 2012,Si,Ti,Co,Ni,Se,Dy
12 / 1 / 2012,Ca,In,I,Eu,Ta,Po
14 / 1 / 2012,Be,Mg,P,Rb,I,Bi
17 / 1 / 2012,F,Co,Ge,Sb,I,Lu
19 / 1 / 2012,Cr,Nb,Ru,Ba,Ta,Th
21 / 1 / 2012,Mg,K,As,Sr,Sm,Hg
24 / 1 / 2012,Co,Ge,Cs,Er,Hf,Re
26 / 1 / 2012,Al,S,Ti,Zn,Te,Fr
28 / 1 / 2012,He,Cl,Mn,Sn,Te,Po
31 / 1 / 2012,S,V,Ni,As,Tc,Rn
2 / 2 / 2012,Mn,Rb,Tc,Sn,Ce,Nd
4 / 2 / 2012,H,Cl,Zn,Tc,Ho,Pb
7 / 2 / 2012,Co,Zn,Tm,Re,Tl,Bi
9 / 2 / 2012,Tc,Sb,Xe,Lu,Ta,At
11 / 2 / 2012,V,Zn,Pd,Gd,Yb,Rn
14 / 2 / 2012,Mg,Mn,Nb,Au,Rn,Ra
16 / 2 / 2012,B,Sc,V,Nb,W,Po
18 / 2 / 2012,O,Sc,Y,Ba,W,Tl
21 / 2 / 2012,Ni,Cu,Zn,Y,Re,Fr
23 / 2 / 2012,Ca,Ni,Ba,Sm,Eu,Os
25 / 2 / 2012,Si,Zn,Gd,Re,Au,Ac
28 / 2 / 2012,Mn,Se,Tc,La,Ho,Ir
1 / 3 / 2012,C,Si,K,Fe,Sb,I
3 / 3 / 2012,S,K,Ga,Pd,Tm,W
6 / 3 / 2012,Ga,Mo,In,Sb,Er,Au
8 / 3 / 2012,V,Rb,Ag,Au,Hg,Bi
10 / 3 / 2012,H,O,Zr,Xe,Tm,Tl
13 / 3 / 2012,P,Cl,I,Ho,Re,Tl
15 / 3 / 2012,H,Al,Si,Se,Ho,Bi
17 / 3 / 2012,Mg,V,Xe,Er,Po,Ac
20 / 3 / 2012,Sc,Y,Ru,In,Tb,Fr
22 / 3 / 2012,C,Sc,Rb,Cs,Po,Ra
24 / 3 / 2012,Y,Rh,In,Dy,Re,Hg
27 / 3 / 2012,F,Fe,Co,Zr,Sb,Tm
29 / 3 / 2012,Na,Rh,Sn,Xe,La,Sm
31 / 3 / 2012,Na,V,Sr,Ag,La,Bi
3 / 4 / 2012,Na,Se,Cs,Eu,Fr,Ac
5 / 4 / 2012,Ne,Rb,Ru,Ba,Nd,Ac
7 / 4 / 2012,Rb,Pd,Xe,Cs,Tb,Fr
10 / 4 / 2012,F,Ti,Nb,In,Te,I
12 / 4 / 2012,P,Mn,Se,Xe,Yb,Ra
14 / 4 / 2012,B,Ti,Cr,Kr,At,Rn
17 / 4 / 2012,C,Ni,Y,Pd,Nd,Pt
19 / 4 / 2012,Mg,Fe,Co,Ag,Eu,Ir
21 / 4 / 2012,F,Na,As,Tm,Ta,Pb
24 / 4 / 2012,Cr,Ni,Xe,Er,Pt,Tl
26 / 4 / 2012,K,Pm,Sm,Tb,At,Ac
28 / 4 / 2012,C,Na,Se,Sb,Pr,Pb
2 / 5 / 2012,F,Ti,Pm,Ho,Po,At
3 / 5 / 2012,O,S,Mn,Ni,La,Er
5 / 5 / 2012,Al,Si,K,La,Ir,Au
8 / 5 / 2012,Al,K,Br,Sr,Te,Gd
10 / 5 / 2012,C,S,Zn,I,Nd,Lu
12 / 5 / 2012,Ne,Rh,Ce,Dy,Bi,At
15 / 5 / 2012,B,Sr,Ba,Os,Ir,Ac
17 / 5 / 2012,Si,Sr,Nb,Ce,Tb,Re
19 / 5 / 2012,H,V,Co,As,Rb,At
22 / 5 / 2012,H,C,Ga,Rh,Ce,At
24 / 5 / 2012,Ne,Cu,Ge,Tc,Ba,Th
26 / 5 / 2012,Li,As,Sb,Cs,Ta,Po
29 / 5 / 2012,Sr,Y,Mo,In,Cs,Tl
31 / 5 / 2012,Mg,Mn,Dy,Hf,Re,Ac
4 / 6 / 2012,O,S,Ca,V,Ag,Ba
5 / 6 / 2012,P,Cu,Sr,Ru,Ho,W
7 / 6 / 2012,Ge,Ce,Eu,Yb,Re,Tl
9 / 6 / 2012,Ga,Se,Te,Xe,Pt,Pb
12 / 6 / 2012,Ca,Zn,Ag,Tm,Ir,Bi
14 / 6 / 2012,Li,Al,Y,Zr,In,Re
16 / 6 / 2012,H,F,Rb,Tm,Lu,Bi
19 / 6 / 2012,Te,Sm,Tb,Ir,Fr,Th
21 / 6 / 2012,F,Cr,Y,Cd,Tm,Re
23 / 6 / 2012,He,C,Fe,Mo,Cs,Rn
26 / 6 / 2012,Al,Zn,Pd,Cd,Yb,Ra
28 / 6 / 2012,C,Ca,Mn,Mo,La,Hg
30 / 6 / 2012,Cl,Ca,Sc,Y,Ru,Ac
3 / 7 / 2012,He,Mg,Cl,Nd,Eu,Pt
5 / 7 / 2012,P,Pr,Gd,Tb,Os,Au
7 / 7 / 2012,P,Mn,Fe,I,W,Os
10 / 7 / 2012,K,Ge,As,Dy,Re,Pt
12 / 7 / 2012,Zr,Mo,Xe,Dy,Ir,Rn
14 / 7 / 2012,Co,Sr,Yb,Re,Pt,Pb
17 / 7 / 2012,O,Ni,Br,I,La,Pm
19 / 7 / 2012,B,Kr,Sb,Cs,Tm,Au
21 / 7 / 2012,Ti,Cr,In,Ce,Hf,At
24 / 7 / 2012,He,Rh,Cs,Ir,Po,Ra
26 / 7 / 2012,Na,Ar,Zn,Pr,Os,Ir
28 / 7 / 2012,F,Cl,Ho,Er,Hg,Tl
31 / 7 / 2012,Cu,Pb,Bi,Po,Fr,Ac
2 / 8 / 2012,He,O,Cs,Dy,Ta,Bi
4 / 8 / 2012,Mg,Br,Ag,Ba,W,Fr
7 / 8 / 2012,Cr,Sn,La,Sm,Hf,Ir
9 / 8 / 2012,K,Zn,Ge,Y,Ag,Lu
11 / 8 / 2012,Be,Na,Al,Mo,Xe,Re
14 / 8 / 2012,K,Ti,V,Ni,Nb,W
16 / 8 / 2012,Sr,Y,Pd,W,At,Ac
18 / 8 / 2012,Li,B,Na,Se,Tc,In
21 / 8 / 2012,Br,Mo,Sm,Ho,Os,Pt
23 / 8 / 2012,B,Co,Kr,Zr,Pd,Gd
25 / 8 / 2012,N,Sr,Dy,Ho,Lu,Ra
28 / 8 / 2012,P,Co,Zn,Se,Re,Hg
30 / 8 / 2012,Cl,Ca,Ti,Zr,Te,Sm
1 / 9 / 2012,C,Ca,Ga,As,Eu,W
4 / 9 / 2012,Se,Mo,Ce,Nd,Pb,Bi
6 / 9 / 2012,S,Cu,Y,In,Pr,Gd
8 / 9 / 2012,B,Al,Ga,Mo,Tc,Ta
11 / 9 / 2012,O,As,Mo,Ru,Cd,Ac
13 / 9 / 2012,Mg,Fe,Co,Pd,Tb,Ir
15 / 9 / 2012,Sc,V,Ge,Br,Kr,Hf
18 / 9 / 2012,Li,Ne,Ar,Mn,Sn,Er
20 / 9 / 2012,Ne,Cl,Sn,Tb,Re,Rn
22 / 9 / 2012,H,Ni,Cu,Er,Po,At
25 / 9 / 2012,Sc,V,As,Pd,Pm,Os
27 / 9 / 2012,Li,O,Ne,Ga,Ir,Au
29 / 9 / 2012,C,N,As,I,Gd,Th
2 / 10 / 2012,Kr,Te,Tm,Lu,Pt,Po
4 / 10 / 2012,Sc,Mn,Ag,Sm,Au,Fr
6 / 10 / 2012,Al,Zr,Nb,Ba,Pb,Fr
9 / 10 / 2012,C,F,Rb,Ho,Bi,Ra
11 / 10 / 2012,S,Se,Sn,Ce,Hg,Th
13 / 10 / 2012,Si,Cl,Sr,Ce,Nd,Tl
16 / 10 / 2012,H,Ca,Cr,Co,Pd,Nd
18 / 10 / 2012,N,Nb,Ba,Pm,Er,Po
20 / 10 / 2012,He,B,Ni,Kr,Tm,Tl
23 / 10 / 2012,Rh,Sn,Tb,Ho,Pt,Au
25 / 10 / 2012,P,V,Sb,Te,Ir,Th
27 / 10 / 2012,P,As,Se,Tc,In,Re
30 / 10 / 2012,Ne,Ge,Pd,Pm,Yb,Re
3 / 11 / 2012,H,Be,O,Ag,W,Fr
5 / 11 / 2012,N,Si,P,Cl,La,Dy
6 / 11 / 2012,Ar,Ca,Ti,Os,Pb,Po
8 / 11 / 2012,F,Ga,Y,Ru,Hf,Tl
10 / 11 / 2012,H,Se,Pd,Sb,Nd,Re
13 / 11 / 2012,Li,Ca,La,Sm,Au,Po
15 / 11 / 2012,Mg,Cr,I,Dy,W,Bi
17 / 11 / 2012,O,Ne,Y,Nd,Ir,Po
20 / 11 / 2012,F,Na,Cu,Nb,Ho,Yb
22 / 11 / 2012,Ca,Mn,Sb,Pr,Ir,Ra
24 / 11 / 2012,Mg,Fe,Se,Mo,Cd,Eu
27 / 11 / 2012,B,Al,Ba,Tb,Pt,Pb
29 / 11 / 2012,H,Al,Cl,Cu,Xe,Eu
1 / 12 / 2012,C,Ca,Mn,Rh,Ba,Nd
4 / 12 / 2012,K,As,Br,Mo,In,Bi
6 / 12 / 2012,P,Ar,Ag,Yb,W,Ac
10 / 12 / 2012,Na,Ni,Sr,In,Dy,Ir
11 / 12 / 2012,C,O,Ne,Na,S,Pm
13 / 12 / 2012,F,Mn,Cd,Pm,Ta,Pb
15 / 12 / 2012,P,Fe,Br,Y,I,Pr
18 / 12 / 2012,Ti,Ba,Nd,Sm,Au,Fr
20 / 12 / 2012,C,K,Fe,Co,Te,Tb
22 / 12 / 2012,Cr,Sn,I,Pr,Hg,At
24 / 12 / 2012,C,Ti,Ga,Rb,Sr,Sb
27 / 12 / 2012,Ni,Te,La,Lu,Tl,Fr
29 / 12 / 2012,Ga,Y,Sb,Po,Rn,Ac
2 / 1 / 2013,Ne,Na,Tc,Xe,Pm,Bi
3 / 1 / 2013,Mg,Si,Nb,Sb,Tm,Th
5 / 1 / 2013,Li,Na,Sr,Pr,Ho,W
8 / 1 / 2013,Ni,Ge,Te,W,Au,Hg
10 / 1 / 2013,H,S,Ti,Xe,Ta,Os
12 / 1 / 2013,F,Mg,Al,Zn,Cd,Rn
15 / 1 / 2013,Mg,Cr,Zr,Mo,Yb,Po
17 / 1 / 2013,Mn,Se,Sr,Tm,Bi,Rn
19 / 1 / 2013,H,C,V,Te,Ce,Tb
22 / 1 / 2013,O,Sb,Te,Nd,Bi,Ra
24 / 1 / 2013,P,Cl,Ag,I,Gd,Hg
26 / 1 / 2013,Ne,Mg,Co,Y,Pt,Po
29 / 1 / 2013,C,Mg,Ar,Ti,Mn,Pb
31 / 1 / 2013,Rb,Mo,Ag,In,I,Eu
2 / 2 / 2013,F,Ar,Y,Eu,Gd,At
5 / 2 / 2013,N,Al,In,Lu,Hg,Ra
7 / 2 / 2013,Be,B,Cs,Ir,Hg,Tl
9 / 2 / 2013,Be,Na,Ge,Sb,Dy,Tl
12 / 2 / 2013,C,Sc,Nb,Hf,Ta,Hg
14 / 2 / 2013,Cr,Ge,Ru,Nd,Gd,Os
16 / 2 / 2013,C,Ge,Br,Tc,I,Tm
19 / 2 / 2013,Li,Se,Rb,Cs,Pb,Th
21 / 2 / 2013,Be,S,Br,La,Tm,Ra
23 / 2 / 2013,H,Na,Sc,Sn,Ho,Re
26 / 2 / 2013,Ca,Mn,Sb,Pr,Po,Th
28 / 2 / 2013,Be,Cr,Sm,Dy,Os,Po
2 / 3 / 2013,S,In,Pr,Ho,Lu,Pb
5 / 3 / 2013,Ge,Se,Y,Te,Pr,Pm
7 / 3 / 2013,Fe,Ge,Mo,Pd,Pt,Pb
9 / 3 / 2013,Al,Ti,Kr,Gd,Hg,Po
12 / 3 / 2013,N,Ne,Ti,V,Nb,Ir
14 / 3 / 2013,Co,Br,Ag,La,At,Ac
16 / 3 / 2013,K,Nb,Tc,Cd,Ta,Tl
19 / 3 / 2013,Sc,Y,Lu,Os,Ac,Th
21 / 3 / 2013,F,Co,Ag,Ce,Sm,Lu
23 / 3 / 2013,Cu,Mo,Rh,Ce,Ho,Rn
26 / 3 / 2013,P,Rb,Pd,Te,Gd,Ac
28 / 3 / 2013,Mg,Co,Xe,Er,Ta,Os
30 / 3 / 2013,Cl,Mo,Te,Lu,W,Th
2 / 4 / 2013,Be,Mg,As,Te,At,Fr
4 / 4 / 2013,Li,Be,Ga,Te,Dy,Po
6 / 4 / 2013,B,O,Ta,Po,Fr,Ra
9 / 4 / 2013,Mn,Ru,Rh,Te,Er,Tl
11 / 4 / 2013,H,Ag,Dy,Ho,Pt,Th
13 / 4 / 2013,Fe,As,Tc,In,Pm,Os
16 / 4 / 2013,Sc,Zn,Br,Kr,Bi,Ac
18 / 4 / 2013,Co,Zn,Br,Y,In,Tm
20 / 4 / 2013,Cu,As,Ho,Re,Bi,Rn
23 / 4 / 2013,H,Al,Rb,I,Sm,Eu
27 / 4 / 2013,H,He,Na,Ba,La,Re
29 / 4 / 2013,He,C,I,Xe,Er,Ac
30 / 4 / 2013,B,Br,Sr,Re,Pb,Rn
2 / 5 / 2013,K,Ge,As,La,Tb,Re
4 / 5 / 2013,C,Ga,Eu,W,Re,At
7 / 5 / 2013,K,Rb,Xe,Tb,Ho,Yb
9 / 5 / 2013,Al,S,Ca,Sc,Mn,Tb
11 / 5 / 2013,Ne,Mo,Cd,Ho,Bi,Po
14 / 5 / 2013,Br,Nb,Ag,W,Ir,At
16 / 5 / 2013,Li,S,Ti,Y,In,Lu
18 / 5 / 2013,Si,Ca,Cr,Kr,Zr,Tl
21 / 5 / 2013,C,Ge,Cd,I,Xe,Fr
23 / 5 / 2013,Si,Ti,Kr,I,Pr,Dy
25 / 5 / 2013,C,Co,Se,Cs,Sm,Fr
28 / 5 / 2013,Fe,Br,Ag,Dy,Ho,Hg
30 / 5 / 2013,Cu,Tc,Pm,Sm,Ir,Au
1 / 6 / 2013,O,Sc,Mn,Xe,Po,At
4 / 6 / 2013,Li,Co,Se,Sm,Tl,Ra
6 / 6 / 2013,Se,Kr,Ag,Gd,Ta,Pt
8 / 6 / 2013,B,Ne,Ga,I,Ba,Pm
11 / 6 / 2013,He,Sc,Rb,Y,Nb,Gd
13 / 6 / 2013,H,B,C,Y,Nb,Yb
15 / 6 / 2013,P,K,As,Br,Sm,Er
18 / 6 / 2013,O,Cr,Ge,Se,Tb,Rn
20 / 6 / 2013,P,Cr,Ge,Te,Er,Lu
22 / 6 / 2013,He,K,Mn,Pr,Po,Ra
25 / 6 / 2013,C,S,Zr,Pm,Gd,Pb
27 / 6 / 2013,Mg,Ti,Co,Rb,Te,Fr
29 / 6 / 2013,Cl,Ti,Xe,Tm,Pb,Ra
2 / 7 / 2013,Li,Be,Ar,Cu,Gd,Th
4 / 7 / 2013,F,Nb,Pd,Ag,I,Ir
6 / 7 / 2013,Be,F,Cr,Gd,W,Os
9 / 7 / 2013,Cl,Kr,Cd,Cs,Eu,Yb
11 / 7 / 2013,Si,P,Se,Cs,Pr,Tl
13 / 7 / 2013,V,In,Te,Tb,Ho,Os
16 / 7 / 2013,Ti,Cu,La,Hf,At,Ac
18 / 7 / 2013,S,K,Cr,Rb,Eu,At
20 / 7 / 2013,He,S,Ca,Fe,Ga,As
23 / 7 / 2013,Na,Si,Y,Eu,Ta,Re
25 / 7 / 2013,As,Sr,Nb,Tc,Pd,La
27 / 7 / 2013,Cl,K,Zr,Tc,Hf,Po
30 / 7 / 2013,S,Ag,Cs,La,Yb,At
1 / 8 / 2013,O,Sc,Cr,Mn,Co,Re
3 / 8 / 2013,P,S,Se,W,At,Fr
6 / 8 / 2013,Si,S,Ge,Br,Nb,Sn
8 / 8 / 2013,He,Si,Mo,Te,Re,Au
10 / 8 / 2013,B,As,Ag,Pm,Gd,Yb
13 / 8 / 2013,H,As,Nb,Pt,Bi,Po
17 / 8 / 2013,Ca,Sc,Cr,Tc,Os,Ac
19 / 8 / 2013,Li,B,Na,Si,Sr,Au
20 / 8 / 2013,Be,Na,P,Fe,Ce,Er
22 / 8 / 2013,K,Sc,Zn,Pr,Pm,Ac
24 / 8 / 2013,H,He,B,Co,Y,In
27 / 8 / 2013,C,Ru,Eu,Gd,Hf,Pb
29 / 8 / 2013,K,Xe,Cs,Lu,Hg,Po
31 / 8 / 2013,Na,Ca,Sn,Sm,Yb,At
3 / 9 / 2013,H,N,Ba,Yb,Ra,Th
5 / 9 / 2013,P,V,Rh,Yb,Tl,Pb
7 / 9 / 2013,Nb,Cs,Hf,Pt,Bi,Fr
10 / 9 / 2013,Br,Ru,La,Ce,Fr,Ra
12 / 9 / 2013,N,Ru,Cd,Sb,Gd,Bi
14 / 9 / 2013,Ca,Br,Rh,Ag,Hf,Pt
17 / 9 / 2013,H,Sc,Se,Ru,In,Th
19 / 9 / 2013,P,Sc,Ni,Re,Tl,Rn
21 / 9 / 2013,Kr,Pm,Re,Tl,Pb,Ac
24 / 9 / 2013,H,Co,As,Kr,Tc,Rn
26 / 9 / 2013,Be,Sr,Mo,La,Gd,Re
28 / 9 / 2013,Ni,La,Pm,Tm,Pt,Bi
1 / 10 / 2013,S,Sc,Fe,Gd,Dy,Pt
3 / 10 / 2013,N,Si,Mo,Tc,Ba,La
5 / 10 / 2013,He,B,O,Tb,W,Ir
8 / 10 / 2013,H,Ga,Y,Nd,Sm,Po
10 / 10 / 2013,Li,N,Mg,Ca,Cd,Cs
12 / 10 / 2013,Ne,K,Ca,Y,At,Fr
15 / 10 / 2013,Ti,Kr,Nd,Gd,Lu,Hg
17 / 10 / 2013,Na,Ar,Zr,Ce,Tl,Fr
19 / 10 / 2013,Mg,Zn,Kr,Ru,Xe,Nd
22 / 10 / 2013,He,B,Se,Ba,Hf,Ta
24 / 10 / 2013,H,Li,B,Nb,Sm,Os
26 / 10 / 2013,Cr,Cd,Sn,Sm,Eu,Fr
29 / 10 / 2013,Mg,V,In,I,Ho,Bi
31 / 10 / 2013,Al,Ar,Fe,Rb,Pd,Cd
2 / 11 / 2013,H,Mg,Ho,Re,Tl,Th
5 / 11 / 2013,Be,F,Ne,Os,Pt,Fr
7 / 11 / 2013,F,K,Sc,Sn,Pm,Pb
9 / 11 / 2013,Ne,Ti,Y,Cs,Tl,Ac
12 / 11 / 2013,S,Fe,Zn,Te,La,Bi
14 / 11 / 2013,V,Rh,Xe,Pm,Tm,Re
16 / 11 / 2013,S,Kr,Xe,Cs,Eu,Tm
19 / 11 / 2013,Si,P,Y,Ag,I,Os
21 / 11 / 2013,Ni,Rb,Te,La,Gd,Dy
23 / 11 / 2013,C,Ne,K,Lu,Hf,Ac
26 / 11 / 2013,Ca,Mn,Zn,Rh,Re,Au
28 / 11 / 2013,Ga,Sb,Cs,Dy,Ta,Pt
30 / 11 / 2013,Ne,Na,Br,Mo,Te,Ac
3 / 12 / 2013,Mg,Zr,Mo,Dy,Ta,Hg
5 / 12 / 2013,Ni,Se,Mo,Er,Lu,Ra
7 / 12 / 2013,He,S,Mo,Ho,Re,Fr
10 / 12 / 2013,Ne,S,Ca,La,Tb,Ac
12 / 12 / 2013,Ne,K,Ge,In,I,Dy
14 / 12 / 2013,B,As,Ru,Pd,Dy,Os
17 / 12 / 2013,Mg,Ti,Co,Tc,Nd,Hf
19 / 12 / 2013,Ne,V,Co,Y,Yb,Pb
21 / 12 / 2013,He,Si,Cl,Sc,Ti,Fe
23 / 12 / 2013,P,Tc,Cd,Xe,Cs,Os
24 / 12 / 2013,Ne,Y,Rh,Tb,W,Rn
28 / 12 / 2013,Y,Te,Tm,Yb,W,Pb
31 / 12 / 2013,Mn,Nd,Sm,Os,Pb,Fr
2 / 1 / 2014,In,Cs,La,Gd,Yb,Ir
4 / 1 / 2014,K,Fe,Zn,Ag,Tm,Tl
7 / 1 / 2014,Si,Ag,Cd,Ce,Nd,Tm
9 / 1 / 2014,P,Cl,Cr,Nb,Yb,Fr
11 / 1 / 2014,Na,Rb,Y,Te,Er,Th
14 / 1 / 2014,Be,N,Mn,W,Pb,Fr
16 / 1 / 2014,Li,Ar,Se,Rb,Zr,Ag
18 / 1 / 2014,Si,Ar,Sr,Nb,W,Pt
21 / 1 / 2014,B,V,Br,Xe,Ba,Sm
23 / 1 / 2014,Li,C,Mg,Al,K,Ho
25 / 1 / 2014,Ti,Se,I,Pr,Sm,Ra
28 / 1 / 2014,F,Cl,Co,Cu,Pr,Ho
30 / 1 / 2014,N,Sc,Ni,Rh,Pr,Th
1 / 2 / 2014,Li,C,Nb,Ru,Cd,Ta
4 / 2 / 2014,Li,Mg,Mn,As,Pr,At
6 / 2 / 2014,F,Mg,Si,Pm,Au,Th
8 / 2 / 2014,O,S,Nb,Te,Gd,W
11 / 2 / 2014,Mg,Co,Sr,Tc,Tb,Ho
13 / 2 / 2014,F,Na,Cl,Ca,As,Re
15 / 2 / 2014,Ar,Ga,Sm,Gd,Hf,Ir
18 / 2 / 2014,P,Kr,In,Sm,Re,Pb
20 / 2 / 2014,Si,Fe,Ag,Eu,Pt,Hg
22 / 2 / 2014,Cl,K,Ni,Se,Sr,Pb
25 / 2 / 2014,Fe,Sb,Te,Xe,Yb,Ra
27 / 2 / 2014,K,Ge,Xe,Pr,Er,Rn
1 / 3 / 2014,N,O,Ag,Ba,Au,Th
4 / 3 / 2014,Zr,Pd,Sb,Pm,Tb,Os
6 / 3 / 2014,P,Pm,Dy,Ho,Os,Au
8 / 3 / 2014,Br,Rh,Sn,Sb,Pb,Fr
11 / 3 / 2014,In,Sb,I,Ba,Ce,Tl
13 / 3 / 2014,Ne,Ni,Zr,La,Ce,Pt
15 / 3 / 2014,H,B,Ti,Cr,Nb,Tc
18 / 3 / 2014,Sr,Y,Pd,Ce,Dy,Bi
20 / 3 / 2014,P,Ar,Ni,In,Sb,Ir
22 / 3 / 2014,K,Ti,Ga,Sr,Fr,Ac
25 / 3 / 2014,Ni,Kr,Mo,Yb,W,Pt
27 / 3 / 2014,O,Mg,Ag,Gd,Bi,Ra
29 / 3 / 2014,Mg,Sc,La,Er,Rn,Ra
1 / 4 / 2014,N,Ba,Dy,Hf,Ta,Th
3 / 4 / 2014,Zr,Ag,Pr,Gd,Au,Ac
5 / 4 / 2014,F,Ga,As,Rb,Au,Rn
8 / 4 / 2014,Na,Pm,Gd,Os,Pb,Fr
10 / 4 / 2014,Ti,Mn,Pd,Te,Xe,Tb
12 / 4 / 2014,Si,Cu,Se,Sm,Tb,Ac
15 / 4 / 2014,Li,Fe,As,Ru,Cd,In
17 / 4 / 2014,Na,Ca,Sb,Eu,Er,Ra
19 / 4 / 2014,Mo,Rh,Ba,Re,Au,Th
22 / 4 / 2014,Si,S,Sc,Cr,Sm,Pt
24 / 4 / 2014,B,N,Na,Ho,Yb,At
26 / 4 / 2014,Li,F,Al,Mn,Mo,Tl
29 / 4 / 2014,Co,As,Zr,Te,Os,Rn
3 / 5 / 2014,P,As,Rh,Nd,Hf,At
5 / 5 / 2014,Co,Ru,Pd,Sn,Xe,Tm
6 / 5 / 2014,H,Li,Be,Nd,Yb,Ta
8 / 5 / 2014,C,F,Xe,Yb,Pt,Au
10 / 5 / 2014,O,Y,Zr,La,Tm,Tl
13 / 5 / 2014,Li,B,S,Xe,Ce,Er
15 / 5 / 2014,Ca,Ag,Ba,Gd,Dy,Ho
17 / 5 / 2014,B,Ga,Kr,Er,Re,Th
20 / 5 / 2014,Ne,Cl,Nb,Rh,Tm,Pt
22 / 5 / 2014,O,V,Cd,Ba,Pr,Pt
24 / 5 / 2014,Li,Ti,Sr,Yb,Ir,Tl
27 / 5 / 2014,Ge,Rb,Te,I,Dy,Bi
29 / 5 / 2014,Co,Ge,As,Te,Ta,Po
31 / 5 / 2014,H,C,N,Ne,Si,Ba
3 / 6 / 2014,Li,Mn,Fe,Cu,Cd,Au
5 / 6 / 2014,Na,Ga,Tc,Yb,W,Hg
7 / 6 / 2014,Mg,Ar,Y,Pd,Ba,Eu
10 / 6 / 2014,Co,Cu,Zn,Mo,Cd,Ta
12 / 6 / 2014,Al,Ar,K,Co,Sn,Tm
14 / 6 / 2014,Li,Ga,Rh,Cd,Lu,Os
17 / 6 / 2014,Sc,Cu,Tc,I,Dy,Ac
19 / 6 / 2014,S,K,Cr,Kr,Y,Tl
21 / 6 / 2014,Si,Pm,Tm,Au,Tl,At
24 / 6 / 2014,Li,Ti,Ga,Mo,Ta,Ra
26 / 6 / 2014,O,Tc,Pm,Sm,Yb,Rn
28 / 6 / 2014,Cl,Ca,Nb,Mo,In,Tl
1 / 7 / 2014,Ga,Br,Cd,Gd,Tb,Ac
3 / 7 / 2014,H,Al,Sc,Mn,Pm,Eu
5 / 7 / 2014,P,Ga,Sr,Ag,Cs,Pb
8 / 7 / 2014,B,O,Ge,Tc,Pr,At
10 / 7 / 2014,Li,Na,Ar,Zn,Sb,At
12 / 7 / 2014,Na,Ca,Cd,Te,Yb,W
15 / 7 / 2014,B,P,Cl,Ga,Ge,Zr
17 / 7 / 2014,C,Na,Mg,Ni,Pr,Au
19 / 7 / 2014,Cu,Cd,In,Xe,Re,Fr
22 / 7 / 2014,N,Ge,Ce,Nd,Dy,Tm
24 / 7 / 2014,Be,Mg,Al,Cs,Ta,Rn
26 / 7 / 2014,H,Ne,Fe,Ni,Cu,Sm
29 / 7 / 2014,Ge,Rh,Ba,W,Fr,Ac
31 / 7 / 2014,Si,K,Ti,Dy,Hg,Th
2 / 8 / 2014,Cu,Sr,Xe,Ce,Hf,Rn
5 / 8 / 2014,He,K,Ti,Nb,Ir,Ac
7 / 8 / 2014,Ne,Cu,Sn,Pr,Au,Hg
9 / 8 / 2014,F,Ne,Fe,I,Er,Hf
12 / 8 / 2014,Na,Cr,Se,Y,Er,Rn
14 / 8 / 2014,Be,Mg,Cr,Pm,Ta,Re
16 / 8 / 2014,Ga,Eu,Gd,Er,Tm,Lu
19 / 8 / 2014,P,Zn,Sm,Eu,Ho,W
21 / 8 / 2014,Be,Ga,Te,Ta,Os,Po
23 / 8 / 2014,S,Rh,Sb,Ce,Nd,Lu
26 / 8 / 2014,H,Ca,Ru,Ba,Pr,Tm
28 / 8 / 2014,Ti,Y,Sb,Pt,Bi,Po
30 / 8 / 2014,V,Sr,Tc,Pd,Nd,Re
2 / 9 / 2014,C,Ca,Co,Ga,Ge,Kr
4 / 9 / 2014,Ga,Y,Nb,I,Ho,Bi
6 / 9 / 2014,Fe,As,I,Pm,Ta,Pb
9 / 9 / 2014,Mg,Ca,Fe,Nb,Yb,Pt
11 / 9 / 2014,Al,Si,Ba,Ce,Au,Pb
13 / 9 / 2014,N,Ca,Mn,Sb,Tb,Fr
16 / 9 / 2014,H,P,S,V,Cr,Te
18 / 9 / 2014,Na,K,Rb,Nb,Sm,Ir
20 / 9 / 2014,P,Kr,Y,Sn,La,Os
23 / 9 / 2014,C,Mn,Mo,Pr,Pt,Ac
25 / 9 / 2014,Be,Rh,Pr,Ir,Pt,Au
27 / 9 / 2014,H,F,Mg,Si,Ce,Po
30 / 9 / 2014,Ni,As,In,Cs,Pr,Os
2 / 10 / 2014,Li,F,Mo,Sn,Ba,Ra
4 / 10 / 2014,He,C,Na,Sm,Yb,Lu
7 / 10 / 2014,N,P,Cl,Ar,Fe,I
9 / 10 / 2014,Cl,Ca,Fe,Nb,Rh,Ac
11 / 10 / 2014,C,Na,Ni,Tc,Ba,Bi
14 / 10 / 2014,K,Sc,Sr,Rh,Sb,Tm
16 / 10 / 2014,C,F,Cr,In,Pt,Au
18 / 10 / 2014,Ca,Zr,Ru,I,Dy,Hf
21 / 10 / 2014,Ar,Se,Nb,Tc,Pd,Cs
23 / 10 / 2014,N,Sc,Ru,I,Pr,Gd
25 / 10 / 2014,O,Ni,Ru,La,At,Ra
28 / 10 / 2014,Fe,Zn,Ge,Kr,Ru,Pm
30 / 10 / 2014,Ti,Y,Rh,I,W,Rn
3 / 11 / 2014,N,F,Ge,Br,Zr,Cd
4 / 11 / 2014,Al,Ar,V,Cu,Ce,Ra
6 / 11 / 2014,Pd,Ce,Pr,Pb,Ra,Th
8 / 11 / 2014,Sc,As,Tm,Ta,Tl,Po
11 / 11 / 2014,V,Co,Y,Nb,Te,Gd
13 / 11 / 2014,He,Sr,Ag,Sn,Cs,Au
15 / 11 / 2014,Ni,Mo,Sm,Gd,Au,Hg
18 / 11 / 2014,Sr,Ce,Tb,Dy,Hf,Ra
20 / 11 / 2014,Mo,Rh,Cd,Ba,Er,Bi
22 / 11 / 2014,Ti,Mn,Cs,Ce,Pb,At
25 / 11 / 2014,Cl,Kr,Sm,Ho,Yb,Fr
27 / 11 / 2014,Al,Ar,Fe,I,Xe,Yb
29 / 11 / 2014,Li,Si,Br,Eu,Ta,Hg
2 / 12 / 2014,F,Mn,Br,Pr,Os,Tl
4 / 12 / 2014,N,Te,La,Tb,Bi,At
6 / 12 / 2014,Ne,Na,Sc,Xe,Ta,Pb
9 / 12 / 2014,He,V,Br,Pd,Ag,Eu
11 / 12 / 2014,Ca,Ti,Cr,Mn,Cd,Au
13 / 12 / 2014,Mg,Al,K,Rb,Gd,Yb
16 / 12 / 2014,P,Br,Rh,Tm,Pb,Po
18 / 12 / 2014,K,Ni,Cd,Te,Pb,Ac
20 / 12 / 2014,H,Al,Cr,Fe,Cu,Ir
23 / 12 / 2014,Ar,Ti,Cs,Ce,Sm,Ac
24 / 12 / 2014,As,Pd,I,Ce,Ta,At
27 / 12 / 2014,P,Mn,Ga,Y,Pb,Ra
30 / 12 / 2014,B,Cr,Sb,Os,Ir,Au
3 / 1 / 2015,Si,Fe,Ga,Zr,Ce,Er
5 / 1 / 2015,S,Rb,Cd,Er,Po,Th
7 / 1 / 2015,F,S,K,Fe,Ni,Pd
8 / 1 / 2015,C,F,Cu,Nb,Sn,Th
10 / 1 / 2015,He,Al,Ti,Rb,Cd,Th
13 / 1 / 2015,F,Ne,Kr,Ho,Os,Bi
15 / 1 / 2015,He,B,N,Mg,V,Mo
17 / 1 / 2015,Ar,Ti,Ga,Xe,Lu,Hg
20 / 1 / 2015,He,Na,P,Y,Po,Fr
22 / 1 / 2015,Na,Mg,Ru,La,Ir,Ac
24 / 1 / 2015,Ti,V,Cr,Pr,Eu,Tl
27 / 1 / 2015,B,Ne,Ag,Pr,Dy,Ta
29 / 1 / 2015,Co,Cu,Ce,Gd,Ho,Hg
31 / 1 / 2015,O,Ru,Xe,Ce,Pr,Rn
3 / 2 / 2015,Mg,Cu,Tc,Ba,Nd,Re
5 / 2 / 2015,N,O,Ne,Rh,In,I
7 / 2 / 2015,Cr,Co,Sr,Zr,Ba,Tl
10 / 2 / 2015,Zn,Pr,Hf,W,Ir,Pt
12 / 2 / 2015,Mn,Ge,Ru,Ba,Ir,Fr
14 / 2 / 2015,Al,Ga,Ge,La,Nd,Au
17 / 2 / 2015,Ca,Co,Zr,Nd,Pm,Dy
19 / 2 / 2015,V,Br,Ru,In,Dy,Po
21 / 2 / 2015,B,S,As,Cd,La,Fr
24 / 2 / 2015,C,Cu,Ba,Hf,Pb,Bi
26 / 2 / 2015,Cl,Nb,Ru,La,Ta,Rn
28 / 2 / 2015,B,Ne,Se,Cd,Ba,Fr
3 / 3 / 2015,S,Fe,Cd,Pm,Eu,Fr
5 / 3 / 2015,Br,Ru,Sm,W,Pb,Th
7 / 3 / 2015,Fe,Kr,Ba,Er,Ta,Tl
10 / 3 / 2015,F,K,Er,Yb,Lu,Tl
12 / 3 / 2015,N,Kr,Sr,Eu,Ta,Th
14 / 3 / 2015,Ni,Zn,Y,Pd,Er,Ac
17 / 3 / 2015,Ne,Al,Sc,Kr,Dy,Tm
19 / 3 / 2015,B,N,Ca,Sr,La,At
21 / 3 / 2015,Be,N,F,K,Cs,Ce
24 / 3 / 2015,O,Cl,Cu,Ge,Tb,Th
26 / 3 / 2015,Ne,Sc,Zr,Pd,Au,Po
28 / 3 / 2015,B,Ti,Nd,Lu,W,Tl
31 / 3 / 2015,Li,P,V,As,Pd,Pt
2 / 4 / 2015,As,Kr,Pm,Dy,Bi,At
4 / 4 / 2015,Na,Sr,Ru,Cd,Ba,Bi
7 / 4 / 2015,Be,Ar,Ca,Er,Hf,Ir
9 / 4 / 2015,N,Mn,Zn,Ru,Ag,Er
11 / 4 / 2015,Fe,Xe,Cs,Ta,Rn,Th
14 / 4 / 2015,Kr,Rh,Ba,Au,Tl,Th
16 / 4 / 2015,Rb,Sr,Tc,Tm,Au,Rn
18 / 4 / 2015,Ne,Na,Ar,Kr,Ag,At
21 / 4 / 2015,Be,Cl,Te,Pr,Ho,Po
23 / 4 / 2015,O,Al,Co,Se,Ag,Bi
27 / 4 / 2015,O,Fe,Y,Ba,Pt,At
28 / 4 / 2015,Ne,Nb,Pr,Pm,Tb,Lu
30 / 4 / 2015,Ar,Ni,Ga,As,Cs,Pt
2 / 5 / 2015,C,Se,Rh,Pd,Pr,Ta
5 / 5 / 2015,N,Ga,As,Pt,Rn,Fr
7 / 5 / 2015,Mg,Ge,Tc,Pd,Ce,Ir
9 / 5 / 2015,Ga,Zr,Te,Cs,Sm,Os
12 / 5 / 2015,Ne,K,Cd,Pt,At,Th
14 / 5 / 2015,K,Mn,Mo,Sb,Cs,Ba
16 / 5 / 2015,Li,Ge,Y,Tb,Re,Os
19 / 5 / 2015,C,Ca,Tc,Ru,Pd,Ho
21 / 5 / 2015,Cl,Sc,V,Sb,Tb,Fr
23 / 5 / 2015,Be,Cr,Cu,Ga,Y,Lu
26 / 5 / 2015,C,F,Sc,Tm,Ir,Pt
28 / 5 / 2015,C,As,La,Pm,Hg,Bi
30 / 5 / 2015,Al,As,Y,Ba,Tb,Rn
3 / 6 / 2015,Li,Ni,Rb,Mo,Ho,Rn
4 / 6 / 2015,Si,Cl,V,Rh,Fr,Ra
6 / 6 / 2015,S,Cr,Se,Zr,Nb,La
9 / 6 / 2015,P,Sc,Ce,Hg,Pb,Rn
11 / 6 / 2015,Fe,Cd,Te,Pm,Re,Au
13 / 6 / 2015,K,Br,Kr,Sr,Rh,Hg
16 / 6 / 2015,C,Ni,Cs,La,Pt,Bi
18 / 6 / 2015,Ar,Sc,Ni,Sm,Po,Th
20 / 6 / 2015,C,Na,Sc,Tb,Dy,At
23 / 6 / 2015,Ca,Cr,Fe,As,Mo,Hg
25 / 6 / 2015,Ar,Pd,Eu,Er,Ta,Au
27 / 6 / 2015,Cl,Ti,Rh,Cd,I,Pm
30 / 6 / 2015,Be,Na,S,Mn,Se,Pr
2 / 7 / 2015,O,Cl,Zn,Pm,Pt,Ra
4 / 7 / 2015,O,Zn,Sr,Sb,Sm,Dy
7 / 7 / 2015,K,Mn,Ga,Pt,Bi,Ra
9 / 7 / 2015,O,Xe,Pr,Dy,Rn,Ac
11 / 7 / 2015,O,Zn,Se,Y,Mo,Ce
14 / 7 / 2015,Mg,Cl,Ge,Ag,W,Rn
16 / 7 / 2015,Ti,Co,Cu,In,Tm,Fr
18 / 7 / 2015,Ti,Mo,Ag,Sm,Yb,Hf
21 / 7 / 2015,H,Sc,Eu,Yb,Au,Po
23 / 7 / 2015,As,Nb,Ru,Cd,Er,Re
25 / 7 / 2015,He,Ca,Sc,Zr,Rh,Tb
28 / 7 / 2015,Be,Fe,Se,Dy,Ho,Tl
30 / 7 / 2015,Al,Ar,Mn,Fe,Br,Pm
1 / 8 / 2015,He,Fe,Se,Ce,Hg,Tl
4 / 8 / 2015,Se,I,Ir,Pt,Bi,Ac
6 / 8 / 2015,He,Co,Kr,Y,I,Au
8 / 8 / 2015,Li,N,Cl,Fe,Cs,Hf
11 / 8 / 2015,Cl,Mn,Ge,Mo,Lu,At
13 / 8 / 2015,Be,Cl,Se,Nb,Dy,Pt
17 / 8 / 2015,H,Be,Sn,Yb,Lu,Os
18 / 8 / 2015,Ca,Zn,Rh,Sn,Os,Rn
20 / 8 / 2015,Be,Si,Ga,Er,Yb,W
22 / 8 / 2015,C,N,F,Si,Cl,Br
25 / 8 / 2015,Li,Ar,K,Tb,Tl,Ra
27 / 8 / 2015,He,Be,Mg,Zr,Sn,Hg
29 / 8 / 2015,N,Ni,Ru,Cs,La,Pt
1 / 9 / 2015,Al,Zn,Sr,Cd,Sn,Ir
3 / 9 / 2015,Al,Ar,K,In,Pt,Fr
5 / 9 / 2015,Cr,Zn,Kr,Mo,Lu,Rn
8 / 9 / 2015,Nb,Sn,Xe,Nd,Re,Ra
10 / 9 / 2015,Ne,Si,P,Se,Re,Ra
12 / 9 / 2015,Na,Cr,Pd,Cd,Er,Pb
15 / 9 / 2015,F,Cl,Ca,Ge,Br,Ba
17 / 9 / 2015,O,F,Mo,Lu,Pt,Au
19 / 9 / 2015,F,Ge,Zr,In,Te,Nd
22 / 9 / 2015,Ne,Fe,Sn,Cs,Sm,Tl
24 / 9 / 2015,H,Ge,Kr,Pm,Pt,Hg
26 / 9 / 2015,H,Rb,Tm,W,Ir,Ac
29 / 9 / 2015,Cl,Mn,Nb,Rh,La,Pb
1 / 10 / 2015,He,Cl,Sc,In,Tm,W
3 / 10 / 2015,He,Be,Si,Ga,Tc,Pm
6 / 10 / 2015,O,Na,Cl,Co,Sm,Po
8 / 10 / 2015,V,Ge,As,Cs,Po,Th
10 / 10 / 2015,Ge,Nb,Rh,Ag,Pt,Th
13 / 10 / 2015,Br,Kr,Eu,Lu,Re,Ac
15 / 10 / 2015,N,F,S,Cr,Ge,Zr
17 / 10 / 2015,Be,C,Pm,Eu,Tb,Hf
20 / 10 / 2015,Ar,Se,Ce,Nd,Gd,Ra
22 / 10 / 2015,H,C,Ge,Sn,Sb,Tl
24 / 10 / 2015,F,Si,As,Sr,Pd,Fr
27 / 10 / 2015,Si,P,Cd,Sn,W,Bi
29 / 10 / 2015,Be,S,Zr,La,Lu,Po
31 / 10 / 2015,C,Mn,Fe,Te,Rn,Ra
3 / 11 / 2015,Zn,Nb,Ag,Lu,Au,Rn
5 / 11 / 2015,Cl,Sc,Cu,As,Tc,Sm
7 / 11 / 2015,He,K,Ti,Pd,Sb,Xe
10 / 11 / 2015,O,Ga,As,Sr,Dy,Ir
12 / 11 / 2015,K,Ti,Ga,Nb,Xe,Fr
14 / 11 / 2015,K,Ba,Ta,Po,At,Rn
17 / 11 / 2015,Co,Cu,Y,Xe,Pr,W
19 / 11 / 2015,Mn,Ni,Ru,Te,Fr,Ac
21 / 11 / 2015,Al,Mn,As,I,Re,Bi
24 / 11 / 2015,Te,Xe,Yb,Hg,Pb,Po
26 / 11 / 2015,Mg,Kr,Rh,Ho,Ir,Ra
28 / 11 / 2015,Ca,V,Ni,Sb,Tb,Tl
1 / 12 / 2015,Ga,Y,Cs,Ce,At,Fr
3 / 12 / 2015,Sr,Pd,I,Tb,Ir,Po
5 / 12 / 2015,H,Ni,Se,Mo,In,Ir
9 / 12 / 2015,Sc,Xe,Sm,Eu,Pb,Bi
10 / 12 / 2015,H,K,Ca,Ba,Nd,Bi
12 / 12 / 2015,Ar,Ca,Pd,Ag,Cs,Dy
15 / 12 / 2015,B,Zn,Kr,Eu,Po,At
17 / 12 / 2015,Na,Ru,Ba,Tl,Bi,Fr
19 / 12 / 2015,N,Ti,Pd,Sn,Cs,Ta
22 / 12 / 2015,Ar,Ti,V,La,Nd,Tm
24 / 12 / 2015,C,O,Cr,Ni,Kr,Eu
28 / 12 / 2015,B,Sr,Cd,Te,Tl,Ra
29 / 12 / 2015,P,Ca,La,Hf,Os,Ac
31 / 12 / 2015,P,Fe,Cu,Ir,Tl,Th
2 / 1 / 2016,H,Cl,Y,Nb,Ba,Tb
5 / 1 / 2016,N,Ca,Zr,Ba,Nd,Th
7 / 1 / 2016,Ne,Sr,Pm,Sm,W,Rn
9 / 1 / 2016,Ca,Fe,Kr,Sn,Sb,W
12 / 1 / 2016,Li,F,Ni,Mo,Sn,Au
14 / 1 / 2016,B,O,Cl,Nb,Pd,Fr
16 / 1 / 2016,Na,Cl,Cd,Te,Yb,Th
19 / 1 / 2016,Al,Ar,Br,Tc,Sb,Dy
21 / 1 / 2016,He,Mg,Ge,La,Pm,Tl
23 / 1 / 2016,Be,B,O,Si,Ge,In
26 / 1 / 2016,Cr,Rh,Sn,Nd,Eu,Fr
28 / 1 / 2016,He,C,P,Y,Hg,Bi
30 / 1 / 2016,Al,Cr,Sb,Er,Ir,Tl
2 / 2 / 2016,K,Sr,Zr,Ba,Tb,Hg
4 / 2 / 2016,N,Sc,Ga,Y,Pd,Tm
6 / 2 / 2016,Ne,Cr,Kr,Eu,Ir,Ac
9 / 2 / 2016,Na,Fe,Pd,Ba,Ce,Pt
11 / 2 / 2016,Cl,Co,Rh,I,Lu,W
13 / 2 / 2016,He,Zn,In,Dy,W,Hg
16 / 2 / 2016,He,Ne,Co,Se,Sr,Zr
18 / 2 / 2016,Mg,Fe,Zn,Sb,La,Ac
20 / 2 / 2016,Cu,Ge,As,In,Xe,At
23 / 2 / 2016,He,Si,Ce,W,Hg,Pb
25 / 2 / 2016,Si,As,Te,Ho,Lu,Tl
27 / 2 / 2016,K,Ti,Ni,Cd,In,At
1 / 3 / 2016,P,Ca,Mn,Zn,Rh,Cs
3 / 3 / 2016,O,S,Cu,In,Ba,Sm
5 / 3 / 2016,C,O,Er,Ir,Hg,Rn
8 / 3 / 2016,O,Co,Ge,Sb,Te,Ac
10 / 3 / 2016,F,S,Ar,Ti,Tb,Lu
12 / 3 / 2016,Cu,Rb,Te,Ho,Hg,Pb
15 / 3 / 2016,He,Be,Cl,K,Sr,Ba
17 / 3 / 2016,H,Mg,Tb,Ho,Os,Rn
19 / 3 / 2016,Ar,Nb,Sb,Ba,Hf,Os
22 / 3 / 2016,Cl,Ga,Ge,Tc,Pr,Lu
24 / 3 / 2016,Si,Cr,Fe,La,Ho,Ac
26 / 3 / 2016,Ni,Tc,Ho,Er,Hf,Au
29 / 3 / 2016,Cu,Cs,Tb,Lu,Ta,Ir
31 / 3 / 2016,Cl,Ni,Eu,Pt,Po,Ra
2 / 4 / 2016,He,Cr,Tb,Re,Tl,Ra
5 / 4 / 2016,Mg,V,Ni,Ge,Mo,At
7 / 4 / 2016,Sr,Mo,Rh,Pr,Dy,Fr
9 / 4 / 2016,He,B,Mg,As,Xe,Pr
12 / 4 / 2016,Se,Sn,Cs,Hf,Au,Ac
14 / 4 / 2016,H,He,C,Mo,Ho,Bi
16 / 4 / 2016,O,Mg,V,Ce,Rn,Ac
19 / 4 / 2016,Si,Zn,Pm,Rn,Ra,Th
21 / 4 / 2016,H,P,Zn,Sn,Xe,Sm
23 / 4 / 2016,Ne,Na,P,As,Au,Bi
26 / 4 / 2016,Sr,In,Sb,Pr,Ir,Th
28 / 4 / 2016,Ne,Na,Cr,Zn,Cd,Eu
30 / 4 / 2016,Ti,Sr,Ag,Sb,Pm,At
3 / 5 / 2016,Si,Cu,Ce,Hf,Re,At
5 / 5 / 2016,N,Ca,Mn,Ge,Re,Th
7 / 5 / 2016,Li,Ge,Se,Kr,Pb,Fr
10 / 5 / 2016,Mn,Fe,In,Xe,Cs,Dy
12 / 5 / 2016,Ne,Mn,Te,Xe,Pr,Po
14 / 5 / 2016,Na,K,Ba,Hf,Ta,Re
17 / 5 / 2016,H,Ne,K,Ru,Er,W
19 / 5 / 2016,P,Y,Xe,Sm,Lu,W
21 / 5 / 2016,F,Na,Ca,Br,Dy,Er
24 / 5 / 2016,Si,S,Rh,Ag,Cd,Rn
26 / 5 / 2016,H,Ge,Se,Ce,Gd,Rn
28 / 5 / 2016,Li,B,Mg,Cl,Ru,Sb
31 / 5 / 2016,O,Ar,As,Nb,Sm,Lu
4 / 6 / 2016,O,Ne,Ar,Gd,At,Fr
6 / 6 / 2016,Li,Xe,Ba,La,Re,Th
7 / 6 / 2016,Cr,Cu,Rh,Eu,Tb,Yb
9 / 6 / 2016,F,Si,Pm,Os,Hg,Bi
11 / 6 / 2016,Co,Zn,Se,Zr,Te,Er
14 / 6 / 2016,Mn,Ga,As,Mo,Ce,Rn
16 / 6 / 2016,Ar,K,Cu,Ag,Pr,Er
18 / 6 / 2016,Cr,Mn,Rh,Sb,Te,Eu
21 / 6 / 2016,Be,Zn,Ga,Rh,In,At
23 / 6 / 2016,Cl,Ar,Mn,Tc,Dy,Fr
25 / 6 / 2016,Na,Si,Ru,Xe,At,Fr
28 / 6 / 2016,B,V,Ru,Pr,Nd,Bi
30 / 6 / 2016,Zn,Ga,Ge,Se,Sn,Sb
2 / 7 / 2016,O,F,Ti,Tc,Sn,Ba
5 / 7 / 2016,Ti,Fe,Tc,Sn,Pr,Tb
7 / 7 / 2016,H,Be,Ge,Pr,Yb,Rn
9 / 7 / 2016,Mg,Se,Ru,Rh,I,Er
12 / 7 / 2016,H,Nb,Pr,Eu,Tl,At
14 / 7 / 2016,Sr,Ba,Pm,Ho,Hf,Pb
16 / 7 / 2016,Fe,Rb,Tc,Ho,Re,Pt
19 / 7 / 2016,Be,Ne,Ni,Cu,Cd,Te
21 / 7 / 2016,K,Co,Br,Ba,Nd,Ac
23 / 7 / 2016,H,Zn,Mo,Pm,Os,Ra
26 / 7 / 2016,Be,Al,P,Ar,Hf,Os
28 / 7 / 2016,Cu,Rb,Sr,Pm,Eu,At
30 / 7 / 2016,P,Ti,Fe,Rh,Cd,Pb
2 / 8 / 2016,Se,Xe,La,Po,Ac,Th
4 / 8 / 2016,Mn,Rb,Zr,Pm,Tb,Ir
6 / 8 / 2016,V,Se,Ce,Pm,Lu,Ir
9 / 8 / 2016,Mg,Co,Se,Os,Ir,At
11 / 8 / 2016,Ga,Tb,Pt,At,Ac,Th
13 / 8 / 2016,He,Mn,Tc,Hf,Fr,Ac
16 / 8 / 2016,F,Mg,Ar,Eu,Gd,Ta
18 / 8 / 2016,O,Y,Pr,Tb,Pb,Bi
20 / 8 / 2016,Ne,Cu,Br,Ru,In,Tb
23 / 8 / 2016,Be,Ni,Cd,Ho,Er,Po
25 / 8 / 2016,S,Ni,Zr,Tc,La,Pm
27 / 8 / 2016,H,Ge,Rb,Xe,Dy,Tl
30 / 8 / 2016,C,F,Cl,Ag,Dy,Rn
1 / 9 / 2016,Be,Ar,Tc,Nd,Tm,At
3 / 9 / 2016,Be,Cu,Br,Pd,Pb,At
6 / 9 / 2016,N,Zn,Se,Pm,Po,Ra
8 / 9 / 2016,C,Mg,Ag,Sb,Nd,Au
10 / 9 / 2016,F,Al,S,In,Gd,Tb
13 / 9 / 2016,F,Ti,Cd,Dy,Er,Bi
15 / 9 / 2016,Si,Ar,Zn,Cd,I,Rn
17 / 9 / 2016,He,Be,Ne,Pr,Er,Ra
20 / 9 / 2016,Rh,Pd,Cd,Te,Ir,Pt
22 / 9 / 2016,Be,Na,Se,In,Cs,Bi
24 / 9 / 2016,Li,S,Ti,Ga,Rh,Ba
27 / 9 / 2016,Kr,Nb,Cs,Tl,Bi,At
29 / 9 / 2016,Na,Zr,Nb,Ru,Ho,Yb
1 / 10 / 2016,Ar,K,La,W,Hg,Pb
4 / 10 / 2016,Ag,In,Ho,Hg,Po,At
6 / 10 / 2016,He,Mg,Fe,Te,Pr,Hg
8 / 10 / 2016,Ar,Mn,Rb,Ag,Sm,Fr
11 / 10 / 2016,Na,Mg,Cl,I,Lu,Os
13 / 10 / 2016,Be,Se,Y,Nd,Pm,Ir
15 / 10 / 2016,Be,N,Kr,Hf,Pt,Tl
18 / 10 / 2016,Cr,Ru,Cd,Pm,Ta,Fr
20 / 10 / 2016,He,Tc,Tb,Dy,Ho,Th
22 / 10 / 2016,H,C,Rh,Cd,Gd,Pt
25 / 10 / 2016,Be,Zr,Xe,Tb,Bi,At
27 / 10 / 2016,Li,Mg,V,Lu,Os,Bi
29 / 10 / 2016,H,N,Al,Cl,Zr,In
31 / 10 / 2016,Li,Si,Ar,Mn,Ag,Re
3 / 11 / 2016,Sc,Br,Ba,Dy,Er,Au
5 / 11 / 2016,Sc,Ti,Fe,Br,Ag,At
8 / 11 / 2016,Ga,Ge,Nd,Re,Tl,Po
10 / 11 / 2016,Fe,Nb,Sn,Cs,Tm,Rn
12 / 11 / 2016,F,Mg,Ca,Ti,Re,Th
15 / 11 / 2016,F,Ar,Mn,Ga,Pt,Tl
17 / 11 / 2016,He,Ca,V,Nb,Ru,Pr
19 / 11 / 2016,Ni,Cu,Rb,Tc,Sb,Pt
22 / 11 / 2016,O,Sc,Ru,Ir,Hg,Rn
24 / 11 / 2016,I,Er,Re,Au,Pb,Po
26 / 11 / 2016,Nb,Mo,Ru,Ag,Er,Tm
29 / 11 / 2016,B,Cr,Br,In,Sm,Ir
1 / 12 / 2016,Na,Ca,Ga,Ba,Eu,Hf
3 / 12 / 2016,He,Ne,P,Fe,Er,Lu
6 / 12 / 2016,Cr,Sb,Ba,Gd,Tb,Ta
10 / 12 / 2016,Xe,Tb,Dy,Er,Yb,At
12 / 12 / 2016,C,Y,Te,Tb,Er,Rn
13 / 12 / 2016,Cl,Sc,Br,Cd,Nd,Os
15 / 12 / 2016,F,Zn,Ga,I,Ho,Rn
17 / 12 / 2016,N,P,Ga,Y,Nb,Rh
20 / 12 / 2016,Ne,Na,Cu,Ag,Ce,Ta
22 / 12 / 2016,Si,V,Cr,Ru,Ir,Rn
24 / 12 / 2016,H,K,Sc,Ge,Cd,Rn
27 / 12 / 2016,Al,Mn,Zn,La,Ce,Gd
29 / 12 / 2016,Ga,As,Sr,Ce,Os,At
31 / 12 / 2016,Mg,Si,Ar,Ti,Ni,As
3 / 1 / 2017,F,Mg,Co,Ge,Rh,Ir
5 / 1 / 2017,H,N,Sc,Co,Y,Pt
7 / 1 / 2017,He,O,Sm,Au,Tl,Ra
10 / 1 / 2017,H,F,Ti,Mn,Ce,Po
12 / 1 / 2017,Si,S,Zn,Se,Te,Ta
14 / 1 / 2017,Mg,Cl,Cr,Rh,Ho,Po
17 / 1 / 2017,S,Ru,In,La,Nd,Tl
19 / 1 / 2017,Ge,Sb,W,Au,Hg,Tl
21 / 1 / 2017,C,Cs,Eu,Er,Os,Hg
24 / 1 / 2017,Eu,Ho,W,Ir,Bi,At
26 / 1 / 2017,Tc,Cd,In,Sb,Nd,Re
28 / 1 / 2017,F,Al,P,Sb,Ta,W
31 / 1 / 2017,Si,P,S,Tc,In,Ir
2 / 2 / 2017,Na,Co,Ba,La,Gd,Dy
4 / 2 / 2017,Al,Ar,Se,Sb,Sm,Tl
7 / 2 / 2017,He,Sc,Sr,W,Au,Bi
9 / 2 / 2017,Ar,Mn,Br,Sr,Rh,Re
11 / 2 / 2017,C,F,Na,Ge,Eu,Bi
14 / 2 / 2017,F,Si,K,Br,Cd,Tb
16 / 2 / 2017,Al,Cl,Fe,As,Nd,Pt
18 / 2 / 2017,N,Al,Cr,Kr,Rb,Rn
21 / 2 / 2017,Be,Ti,Kr,Nd,Dy,Th
23 / 2 / 2017,F,Na,Sc,Rb,Rn,Th
25 / 2 / 2017,Na,Cl,Zr,Tm,Po,At
28 / 2 / 2017,K,Ti,Ru,Rh,Lu,Os
2 / 3 / 2017,Se,Rb,Te,Ce,Tb,Ac
4 / 3 / 2017,He,Na,Fe,Sb,Gd,Fr
7 / 3 / 2017,O,K,Ni,As,Lu,Ac
9 / 3 / 2017,Be,Cl,Y,Zr,Sn,Ce
11 / 3 / 2017,Li,C,Pd,Cd,Eu,Os
14 / 3 / 2017,S,Sc,I,W,Au,Hg
16 / 3 / 2017,S,Sc,Ga,Sm,Tm,At
18 / 3 / 2017,Si,Nb,Nd,W,Au,Hg
21 / 3 / 2017,Ge,Br,Ce,Eu,Os,Au
23 / 3 / 2017,Mn,Y,Cd,W,Rn,Ac
25 / 3 / 2017,Li,Sn,Nd,Gd,At,Rn
28 / 3 / 2017,Li,C,Ca,Xe,Hf,Th
30 / 3 / 2017,B,S,Zr,Yb,W,Os
1 / 4 / 2017,O,Pd,Er,Yb,Os,Rn
4 / 4 / 2017,Li,S,Cu,Se,Rb,La
6 / 4 / 2017,P,S,Sc,Cr,I,Ac
8 / 4 / 2017,Be,C,Co,Os,Hg,Rn
11 / 4 / 2017,B,La,Pr,Tm,Tl,Rn
13 / 4 / 2017,S,Cr,Ba,Tm,At,Fr
15 / 4 / 2017,C,Ca,Br,Kr,Cs,Pr
18 / 4 / 2017,Ar,Cu,Te,W,Os,Ra
20 / 4 / 2017,Li,Si,Te,Ho,Hf,Pb
22 / 4 / 2017,H,Be,F,Ne,Kr,Au
24 / 4 / 2017,O,Cl,Ni,Br,W,Pb
27 / 4 / 2017,O,Co,Xe,Sm,Pb,Bi
29 / 4 / 2017,O,Si,Mn,Nb,Au,Po
2 / 5 / 2017,Ni,Tc,Pr,Nd,Pt,Hg
4 / 5 / 2017,P,Ca,As,Y,Tb,Re
6 / 5 / 2017,La,Nd,Ta,Ir,Pb,Rn
9 / 5 / 2017,Li,Mn,Eu,Yb,Re,Pt
11 / 5 / 2017,K,Rb,Rh,Sb,Pb,Bi
13 / 5 / 2017,Be,P,Sc,Ti,Ru,Ir
16 / 5 / 2017,Cu,Sr,Re,Au,Hg,Th
18 / 5 / 2017,H,K,Ag,Pm,Yb,Fr
20 / 5 / 2017,C,Rb,Pd,I,Ta,Pt
23 / 5 / 2017,Ne,Ar,V,Se,Pm,Re
25 / 5 / 2017,Ne,As,Zr,Mo,Pd,Ir
27 / 5 / 2017,S,Se,La,Gd,Tb,Pt
30 / 5 / 2017,Sc,Fe,Br,Pr,Dy,Yb
1 / 6 / 2017,N,P,Co,Rb,Ba,Ce
3 / 6 / 2017,He,Ti,Kr,Ir,Bi,Th
6 / 6 / 2017,N,Mg,Fe,Pd,Ba,Yb
8 / 6 / 2017,Na,Ni,Ge,Cd,Xe,Pr
10 / 6 / 2017,K,Xe,Ba,La,Ho,Tm
13 / 6 / 2017,Nb,Sn,Tm,Lu,Ir,Tl
15 / 6 / 2017,C,Cr,Ni,Ge,Pt,Bi
17 / 6 / 2017,Rh,Cd,Lu,Re,Hg,Bi
20 / 6 / 2017,Sr,Pd,Xe,Os,Pb,Rn
22 / 6 / 2017,F,Ar,Cr,Mo,Pr,Lu
24 / 6 / 2017,He,Ar,Ca,V,Zn,Re
27 / 6 / 2017,F,Si,Sm,Gd,Pt,Pb
29 / 6 / 2017,S,K,Sr,Zr,Ce,Au
1 / 7 / 2017,P,Ca,Rh,Pr,Tl,At
4 / 7 / 2017,Sc,Rb,Ce,Re,Tl,At
6 / 7 / 2017,Kr,Rb,Pd,Cd,Sb,W
8 / 7 / 2017,C,O,Ge,Xe,Hg,Pb
11 / 7 / 2017,C,Mg,Sr,Mo,In,Bi
13 / 7 / 2017,He,Na,Fe,Sm,W,Pt
15 / 7 / 2017,Co,Rb,Ru,Ag,Ta,Rn
18 / 7 / 2017,Cl,Se,Mo,Ag,Re,At
20 / 7 / 2017,Ti,Ge,Rh,Nd,Pm,Hg
22 / 7 / 2017,C,Ti,Fe,As,Sb,Ra
25 / 7 / 2017,Be,Cu,Zn,Ag,Te,Pr
27 / 7 / 2017,B,P,Te,Nd,Ir,Po
29 / 7 / 2017,B,Na,Ce,Re,Pt,Tl
1 / 8 / 2017,H,O,Ni,Xe,Pb,Th
3 / 8 / 2017,Ca,Mn,Y,In,Tm,Lu
5 / 8 / 2017,Si,K,Sn,Tm,Re,Th
8 / 8 / 2017,Cl,Cr,As,Nb,Eu,Dy
10 / 8 / 2017,Li,B,Cr,Nb,Cd,Hg
12 / 8 / 2017,C,Cl,Ge,Zr,Ru,Ho
14 / 8 / 2017,Se,Ru,Pd,Ag,Gd,Ra
17 / 8 / 2017,Ti,Ni,Pd,Te,Tm,Rn
19 / 8 / 2017,Ar,Cu,Se,Ag,Cd,Nd
22 / 8 / 2017,Se,Pd,Sn,Te,Ho,Rn
24 / 8 / 2017,Zr,Rh,Xe,Hf,At,Ra
26 / 8 / 2017,Ni,Cu,Kr,Xe,Cs,Er
29 / 8 / 2017,Sc,V,Xe,Ta,Po,Ra
31 / 8 / 2017,B,Cu,Ge,As,Hf,Ac
2 / 9 / 2017,He,In,La,Nd,Lu,Ir
5 / 9 / 2017,N,Mg,Dy,Er,Ta,Os
7 / 9 / 2017,Na,Cu,Gd,Er,Yb,At
9 / 9 / 2017,Cu,Y,In,Ba,Bi,At
12 / 9 / 2017,N,Ne,Mn,Fe,Rb,Er
14 / 9 / 2017,Ar,Mn,Cu,Zn,As,Tm
16 / 9 / 2017,Ti,Br,Kr,Cs,Eu,Rn
19 / 9 / 2017,Sr,Rh,Pd,Cs,Tb,Ta
21 / 9 / 2017,Al,S,Co,Cd,Ho,Ir
23 / 9 / 2017,O,Pd,Cd,Tm,Hf,Tl
26 / 9 / 2017,Al,Ar,K,Pd,Ce,Nd
28 / 9 / 2017,C,P,Y,Er,Hg,Ac
30 / 9 / 2017,N,Mg,Sc,Ti,Y,Th
3 / 10 / 2017,C,Sc,Sr,Cd,Au,Th
5 / 10 / 2017,Si,As,Cd,Pm,Tb,Hg
7 / 10 / 2017,Si,Cl,Br,Rb,Cs,Bi
10 / 10 / 2017,Be,Fe,Te,Tb,Dy,Hf
12 / 10 / 2017,F,S,K,Br,Nb,Pr
14 / 10 / 2017,He,Al,Sn,Re,At,Th
17 / 10 / 2017,Ne,Cl,Zn,Cs,Sm,Pt
19 / 10 / 2017,S,Cl,Ce,Dy,Lu,Hf
21 / 10 / 2017,Sc,Ti,Ga,Ge,As,Tl
24 / 10 / 2017,C,Rh,Ag,Pm,W,Hg
26 / 10 / 2017,Si,Sr,Tc,La,Tb,Hf
28 / 10 / 2017,N,Na,Cl,Ni,Ge,Au
31 / 10 / 2017,K,Cr,Br,Tm,Hg,Ac
2 / 11 / 2017,Na,Ga,Pd,Cd,Tb,Er
4 / 11 / 2017,C,N,O,Sr,Rh,Pt
7 / 11 / 2017,He,C,Se,Tm,Ir,Rn
9 / 11 / 2017,O,Mg,Nb,Mo,Pd,Sb
11 / 11 / 2017,S,Ga,As,Sb,Re,Hg
14 / 11 / 2017,H,Na,Zr,Rh,Pd,La
16 / 11 / 2017,He,Mg,S,Fe,Sb,Ta
18 / 11 / 2017,Li,S,Cr,Co,Ru,Ra
21 / 11 / 2017,Ge,Zr,Nb,Ag,Ba,Hf
23 / 11 / 2017,Si,Sr,Zr,Sb,I,Gd
25 / 11 / 2017,S,Ca,Ti,Mo,Xe,Sm
28 / 11 / 2017,Co,Ni,Cd,Pm,Fr,Ra
30 / 11 / 2017,B,Cl,K,As,Tc,Eu
2 / 12 / 2017,Be,Mg,Mn,Co,Br,Tm
5 / 12 / 2017,Ne,Se,Rh,Eu,Tl,Bi
7 / 12 / 2017,Si,P,Tb,Er,Pb,At
9 / 12 / 2017,Sc,Cr,Cd,Sb,Nd,Pb
12 / 12 / 2017,He,Zn,Ru,Te,Ce,Tm
14 / 12 / 2017,Mn,As,Y,Pr,Hf,W
16 / 12 / 2017,Li,N,I,Tb,Dy,Ta
18 / 12 / 2017,Cr,Cs,Lu,Ta,At,Th
19 / 12 / 2017,Ti,Y,Tc,Tb,Ir,Ac
21 / 12 / 2017,Mg,Mn,Sn,Pr,Ho,Ra
23 / 12 / 2017,Br,Y,Cd,Lu,Ra,Ac
28 / 12 / 2017,Ne,Ni,As,Tc,Sn,Hg
30 / 12 / 2017,C,Cl,V,Pd,Te,I
2 / 1 / 2018,H,K,Fe,Ru,Pm,Ac
4 / 1 / 2018,B,K,Ni,Tc,Ce,Pb
8 / 1 / 2018,P,Ar,Cr,As,Cd,Gd
9 / 1 / 2018,O,Tm,Yb,Po,Ra,Th
11 / 1 / 2018,Li,Mn,Ni,Rb,Lu,Pb
13 / 1 / 2018,He,Ne,Nb,In,Ba,Lu
16 / 1 / 2018,F,Cu,Sb,I,W,Os
18 / 1 / 2018,Cu,Tc,Pd,Sn,At,Rn
20 / 1 / 2018,Co,Cd,Sn,W,Os,Po
23 / 1 / 2018,He,B,Cr,Ge,Ag,Sm
25 / 1 / 2018,P,Sr,Cd,Te,Dy,Lu
27 / 1 / 2018,B,Cr,Er,Hf,Pt,At
30 / 1 / 2018,Ti,Y,Ag,In,Ir,Ac
1 / 2 / 2018,Ca,Rh,Sb,Eu,At,Ac
3 / 2 / 2018,H,O,K,Ni,Se,Fr
6 / 2 / 2018,Be,O,S,Br,Kr,W
8 / 2 / 2018,Cr,Mn,Zn,Tc,Ag,Th
10 / 2 / 2018,N,Ga,Br,La,Ra,Ac
13 / 2 / 2018,Li,Na,Sr,I,Yb,Lu
15 / 2 / 2018,B,Cl,Se,Zr,Pt,Pb
17 / 2 / 2018,B,Cl,Rb,Zr,Cs,Au
20 / 2 / 2018,Cl,Mn,Te,Cs,Ho,Re
22 / 2 / 2018,F,Zr,Rh,Yb,Os,Tl
24 / 2 / 2018,Ne,Ru,Cd,Sm,Er,Bi
27 / 2 / 2018,Cd,Ba,Dy,Bi,Rn,Ac
1 / 3 / 2018,F,V,La,Hf,Ir,Pb
3 / 3 / 2018,He,K,Sm,W,Tl,Bi
6 / 3 / 2018,Mg,Kr,Rh,Pd,Ho,Re
8 / 3 / 2018,Ti,Sn,Te,Tb,Dy,Ac
10 / 3 / 2018,Na,P,Mo,Gd,Pb,Po
13 / 3 / 2018,K,As,Mo,Tb,Pt,At
15 / 3 / 2018,He,Al,Cl,Ga,Rh,Tm
17 / 3 / 2018,N,Br,Te,At,Ra,Th
20 / 3 / 2018,F,Ca,As,Tc,Ru,Cd
22 / 3 / 2018,Ca,V,Cu,Rb,Y,Hf
24 / 3 / 2018,He,Cr,Mo,Sm,Dy,Tl
27 / 3 / 2018,Ne,S,Br,Eu,Ta,Bi
29 / 3 / 2018,Na,P,Ge,Br,Te,Ba
31 / 3 / 2018,H,C,N,F,Rh,Au
3 / 4 / 2018,Zn,Rh,Ag,In,Lu,Th
5 / 4 / 2018,N,Co,Cs,Eu,Ta,Ir
7 / 4 / 2018,Li,Ca,Ag,Cs,Tl,Bi
10 / 4 / 2018,Co,Br,Pd,Er,Hf,Pb
12 / 4 / 2018,O,Ni,Se,Sr,Ag,Xe
14 / 4 / 2018,H,Ne,Ga,Ru,Ce,Hg
17 / 4 / 2018,Mg,V,Y,Xe,Hf,Ta
19 / 4 / 2018,B,Cl,Ca,Ru,Sm,Hg
21 / 4 / 2018,Na,Tc,Er,Hf,Au,At
24 / 4 / 2018,Ga,Nb,Ru,Ho,Re,Pb
26 / 4 / 2018,Ru,Te,Gd,Dy,Ho,Lu
28 / 4 / 2018,He,Mn,Nb,Mo,W,Fr
30 / 4 / 2018,C,Ne,Fe,Ag,Nd,Re
3 / 5 / 2018,F,K,Ga,Y,Ir,Pb
5 / 5 / 2018,C,Si,K,Pr,Au,Tl
8 / 5 / 2018,Cl,Ar,Nb,La,Ce,Re
10 / 5 / 2018,Nb,Sm,Ir,Au,Tl,Po
12 / 5 / 2018,Cu,In,Sn,Ba,Gd,Pt
15 / 5 / 2018,Li,Ne,Sr,Te,Tb,Lu
17 / 5 / 2018,S,As,Se,W,Au,Hg
19 / 5 / 2018,Zr,Sb,Cs,Ba,W,Tl
22 / 5 / 2018,Mg,Al,K,Rb,Sm,Hf
24 / 5 / 2018,H,Co,Ga,Ce,Bi,Fr
26 / 5 / 2018,Ca,Co,Ge,Cs,Tm,Th
29 / 5 / 2018,K,Ni,Mo,In,Er,Bi
31 / 5 / 2018,F,La,Gd,Dy,Tm,Rn
4 / 6 / 2018,Rh,Ba,Dy,W,Ir,Ra
5 / 6 / 2018,C,Ne,Na,Sc,Lu,Re
7 / 6 / 2018,As,Y,Ag,Gd,Ho,Os
9 / 6 / 2018,Al,Ge,Nb,Sb,Pm,Rn
12 / 6 / 2018,H,Mg,Ga,As,Ru,Sn
14 / 6 / 2018,B,Rb,Sb,Tb,Au,Tl
16 / 6 / 2018,He,F,P,Ti,Ag,Tb
19 / 6 / 2018,H,N,Mn,Zr,Er,Re
21 / 6 / 2018,C,Na,Rb,Mo,Ce,Sm
23 / 6 / 2018,Be,Cl,Cu,Cs,Ho,Yb
26 / 6 / 2018,He,C,Rb,Y,Sb,Rn
28 / 6 / 2018,Ni,Kr,Cs,Os,Tl,Ac
30 / 6 / 2018,F,Al,V,Ge,Rh,Xe
3 / 7 / 2018,Ni,As,Sr,Nb,Dy,Hf
5 / 7 / 2018,Na,K,Co,Nb,Pm,Bi
7 / 7 / 2018,Li,Sb,Cs,Gd,Ir,Au
10 / 7 / 2018,Co,Nb,Sn,Nd,Eu,Tl
12 / 7 / 2018,Li,Al,Ar,Cr,W,Ac
14 / 7 / 2018,He,F,Si,K,Co,Ir
17 / 7 / 2018,Zn,Br,Ru,Nd,Hf,Os
19 / 7 / 2018,Na,Sr,Ag,Lu,Os,Ir
21 / 7 / 2018,Ti,Kr,Sr,Ba,Pr,Ho
24 / 7 / 2018,N,Cu,Rb,Tc,Hf,Au
26 / 7 / 2018,Sc,Se,I,Hf,Hg,Po
28 / 7 / 2018,Ne,K,Ag,Ho,Er,Re
31 / 7 / 2018,V,Ge,In,I,Pm,At
2 / 8 / 2018,B,C,Nb,Ru,Tb,W
4 / 8 / 2018,V,Y,I,Ba,Gd,Po
7 / 8 / 2018,Na,Ar,Sc,V,Cs,Dy
9 / 8 / 2018,Ga,Ge,Pd,Xe,Ta,Th
11 / 8 / 2018,Si,La,Ta,Au,Pb,Po
14 / 8 / 2018,Sc,Tc,Rh,La,Ho,Bi
16 / 8 / 2018,He,Ne,Mg,Sc,Ti,Sn
18 / 8 / 2018,N,Si,Co,Dy,Yb,Tl
21 / 8 / 2018,He,S,Zn,Y,Sb,Au
23 / 8 / 2018,Si,V,Ge,Se,Zr,Hg
25 / 8 / 2018,Mo,Ru,Xe,Er,Tm,Tl
28 / 8 / 2018,H,Fe,Y,Tc,Ta,Ac
30 / 8 / 2018,S,Ni,Cu,Cs,Eu,Tm
1 / 9 / 2018,H,Be,K,V,Cs,Er
4 / 9 / 2018,Ar,Mn,Ag,Sb,Yb,Bi
6 / 9 / 2018,He,V,Se,Te,Os,Fr
8 / 9 / 2018,N,Mn,Ge,Y,Pr,Rn
11 / 9 / 2018,Pr,Pm,Eu,Tb,Lu,Po
13 / 9 / 2018,S,V,Cu,In,La,Os
15 / 9 / 2018,Li,Fe,Se,Pm,Po,Fr
18 / 9 / 2018,He,Cr,Ga,Mo,Ag,Cs
20 / 9 / 2018,P,Ar,Ba,Ho,Hf,W
22 / 9 / 2018,Mg,S,Cu,Rh,Pb,At
25 / 9 / 2018,Cl,Cr,La,Gd,Yb,Ac
27 / 9 / 2018,Sc,Rb,Pd,Ba,Tb,Ir
29 / 9 / 2018,Se,Xe,Ir,Hg,Tl,Fr
2 / 10 / 2018,Li,N,Ar,Ag,Gd,Pb
4 / 10 / 2018,P,Zn,Hf,Au,Rn,Th
6 / 10 / 2018,Co,Ni,As,Re,Ir,Pt
9 / 10 / 2018,Ne,Kr,In,I,Ir,At
11 / 10 / 2018,Ca,V,Y,Sn,Sm,Er
13 / 10 / 2018,Si,Kr,Y,Pd,Cs,Pr
16 / 10 / 2018,O,Al,Mn,Sn,Tb,Hf
18 / 10 / 2018,S,V,Sn,Ta,Hg,Ra
20 / 10 / 2018,Be,Si,Co,Sr,Ac,Th
23 / 10 / 2018,C,Zn,In,Ba,Gd,Tl
25 / 10 / 2018,Ne,Sc,Cr,Fe,Cu,Ac
27 / 10 / 2018,Li,Mg,Br,Sb,Pr,Hg
30 / 10 / 2018,Sr,Zr,Tc,Pr,Ho,Hf
3 / 11 / 2018,V,Br,Zr,Au,Rn,Fr
5 / 11 / 2018,O,Kr,Y,Zr,Cd,Sn
6 / 11 / 2018,Be,S,Cr,Mo,Sb,Po
8 / 11 / 2018,Na,P,Ca,Co,Rh,Pr
10 / 11 / 2018,F,P,Ca,Pd,Sn,Po
13 / 11 / 2018,N,P,Ti,Ga,Pd,Sn
15 / 11 / 2018,C,Mg,Se,Kr,Zr,Dy
17 / 11 / 2018,Li,B,Sr,I,Xe,Pb
20 / 11 / 2018,Li,F,Tc,Cd,Pm,Bi
22 / 11 / 2018,P,Cr,Ni,Se,Ba,Ta
24 / 11 / 2018,Zn,Sr,Eu,Er,Ir,Hg
27 / 11 / 2018,C,Mg,P,Zn,Ga,Ac
29 / 11 / 2018,C,Ti,Co,Kr,Sm,Os
1 / 12 / 2018,N,S,As,Xe,Hg,Po
4 / 12 / 2018,C,Ga,Rb,Ag,Lu,Pt
6 / 12 / 2018,Ne,Zn,Ru,Rh,Ag,In
10 / 12 / 2018,N,Rb,Te,Ta,Fr,Ra
11 / 12 / 2018,C,Cl,Ge,Sr,Ag,Th
13 / 12 / 2018,N,F,Mg,Sc,Zn,Nb
15 / 12 / 2018,B,V,Kr,Mo,Ag,Au
18 / 12 / 2018,Y,Pm,Er,Tm,Yb,Rn
20 / 12 / 2018,Na,In,Ce,Lu,Os,Ac
22 / 12 / 2018,Be,Si,S,Sb,Gd,Ra
24 / 12 / 2018,Mg,K,Kr,Mo,Ir,Fr
27 / 12 / 2018,Kr,Tc,Ru,In,Pt,Pb
29 / 12 / 2018,Cr,Rb,Pd,In,Sm,Lu
3 / 1 / 2019,H,Br,Te,Ba,Gd,Yb
5 / 1 / 2019,Pd,Te,Cs,Er,Os,Ac
7 / 1 / 2019,Li,O,Ni,Rh,Cs,Ce
8 / 1 / 2019,V,Se,Sr,Xe,La,Fr
10 / 1 / 2019,He,Y,Dy,Os,Rn,Fr
12 / 1 / 2019,S,As,Kr,Sm,Ta,Ra
15 / 1 / 2019,O,Tc,Sb,Ba,La,Fr
17 / 1 / 2019,Sc,Fe,As,Br,Eu,Ac
19 / 1 / 2019,H,P,Rh,Cd,Nd,Hg
22 / 1 / 2019,Li,Ti,Au,Pb,Bi,Ra
24 / 1 / 2019,Li,K,Zr,In,Nd,Pb
26 / 1 / 2019,Cl,K,Sm,Hf,Pt,Pb
29 / 1 / 2019,C,Na,Cu,Tb,Fr,Th
31 / 1 / 2019,Be,Sc,Pr,Eu,Tb,Bi
2 / 2 / 2019,Rb,Mo,Te,Hg,Rn,Ra
5 / 2 / 2019,Na,Sc,Se,Pd,Sn,Rn
7 / 2 / 2019,F,Fe,Co,In,Xe,Os
9 / 2 / 2019,B,Fe,Tc,Te,Eu,Th
12 / 2 / 2019,Si,Ni,Gd,Tm,Po,Th
14 / 2 / 2019,Be,Zn,Ag,Os,Pt,Bi
16 / 2 / 2019,Ne,Cl,Mo,Pr,Pm,Hg
19 / 2 / 2019,P,S,Ge,Eu,Ho,Yb
21 / 2 / 2019,Na,S,Tc,Pr,Fr,Th
23 / 2 / 2019,B,Ga,Ag,Nd,Er,Ra
26 / 2 / 2019,Al,Mn,Co,Te,Dy,Re
28 / 2 / 2019,He,Na,Sn,Cs,Au,At
2 / 3 / 2019,K,Se,Rb,Zr,Dy,Tm
5 / 3 / 2019,Li,C,S,Kr,Ba,Pb
7 / 3 / 2019,O,Mo,Sb,Sm,Hg,Po
9 / 3 / 2019,F,P,Sb,Yb,Pt,Rn
12 / 3 / 2019,Al,Rb,Ce,Dy,Ho,Ra
14 / 3 / 2019,Co,Ni,Mo,Eu,Pt,Rn
16 / 3 / 2019,In,Pm,Eu,Ir,Fr,Ra
19 / 3 / 2019,Mg,P,Sr,Tc,Ba,At
21 / 3 / 2019,Co,Ge,Te,Pr,Tm,Th
23 / 3 / 2019,Sc,Ge,Tc,Eu,Bi,Th
26 / 3 / 2019,Si,Co,Rh,Ag,Te,Po
28 / 3 / 2019,Tc,I,Ce,Er,Bi,Th
30 / 3 / 2019,H,Ne,Ca,Ni,Ag,Cs
2 / 4 / 2019,K,Mn,Zn,Ge,Rb,Nd
4 / 4 / 2019,N,Cu,Sr,In,Dy,Yb
6 / 4 / 2019,Nb,Xe,At,Fr,Ra,Ac
9 / 4 / 2019,H,Al,Ni,As,Rb,Tb
11 / 4 / 2019,B,Ne,Te,Nd,At,Ra
13 / 4 / 2019,S,Ti,Zn,Zr,Sb,Ir
16 / 4 / 2019,P,Cs,Ce,Sm,Pb,Th
18 / 4 / 2019,N,Ne,Pd,Ag,Ta,Ac
20 / 4 / 2019,B,Ar,Os,Fr,Ra,Ac
23 / 4 / 2019,K,Ca,Ge,Sb,Eu,Au
27 / 4 / 2019,C,Cl,Ar,Mo,Gd,Lu
29 / 4 / 2019,O,Ti,Pm,Tb,Tm,W
30 / 4 / 2019,Al,Cu,Ga,Sb,Cs,Hf
2 / 5 / 2019,H,Ni,La,Re,Pb,Bi
4 / 5 / 2019,Be,P,Nb,Te,Os,At
7 / 5 / 2019,B,O,Sc,In,Dy,Th
9 / 5 / 2019,Li,Cl,Fe,Sr,Xe,Pb
11 / 5 / 2019,F,Ca,Ag,Ce,Tb,Pt
14 / 5 / 2019,Rb,Pr,Tm,Re,Ac,Th
16 / 5 / 2019,Na,Mn,Rb,Ho,Re,At
18 / 5 / 2019,Ga,As,Ru,La,Sm,Tb
21 / 5 / 2019,Ca,Sr,Os,Pb,Po,Fr
23 / 5 / 2019,He,O,P,Ge,Hf,Au
25 / 5 / 2019,As,Sb,I,Pr,Dy,Er
28 / 5 / 2019,O,Zn,As,Ce,Po,Ac
30 / 5 / 2019,S,As,Pr,Tb,Tm,Ta
1 / 6 / 2019,Cl,K,Cr,Pd,Cd,Hf
4 / 6 / 2019,P,In,Eu,Au,At,Rn
6 / 6 / 2019,He,P,Ag,Xe,Pt,Au
8 / 6 / 2019,P,S,Xe,Gd,Dy,Hf
11 / 6 / 2019,S,Mn,Kr,Pd,Cd,Ce
13 / 6 / 2019,Na,Ti,V,Fe,Ge,Ir
15 / 6 / 2019,Be,V,Tc,Ag,W,Pb
18 / 6 / 2019,Al,V,Eu,Ho,Er,Tl
20 / 6 / 2019,Mn,Fe,Br,Mo,Tb,Os
22 / 6 / 2019,Br,Y,Nb,Tm,Yb,W
25 / 6 / 2019,Si,Tc,Pm,Sm,Re,At
27 / 6 / 2019,As,Se,Rb,Sn,Er,Pb
29 / 6 / 2019,C,Ti,As,Rh,Nd,Tl
2 / 7 / 2019,Al,Ar,Rb,Cd,Eu,Ho
4 / 7 / 2019,Zr,Mo,La,Gd,Hg,Rn
6 / 7 / 2019,C,Mg,Ti,Mn,Cu,Sm
9 / 7 / 2019,H,Ca,Fe,Xe,Pr,W
11 / 7 / 2019,P,Fe,Ge,Cd,Dy,Po
13 / 7 / 2019,Li,Al,P,Kr,Mo,Th
16 / 7 / 2019,Zn,Ag,Cd,Nd,Ho,Th
18 / 7 / 2019,Mg,Ti,Rb,Zr,Sb,Er
20 / 7 / 2019,He,V,Cu,Sb,Au,Po
23 / 7 / 2019,Ar,Ge,Se,Cs,W,Au
25 / 7 / 2019,N,Ca,Ni,Kr,Cs,Tm
27 / 7 / 2019,Al,As,Zr,Pm,Pt,Hg
30 / 7 / 2019,C,O,S,Mo,Po,Fr
1 / 8 / 2019,Ca,Zn,Rb,Te,Pb,Bi
3 / 8 / 2019,C,S,Sc,Co,As,Dy
6 / 8 / 2019,Ca,Ti,Co,Tc,Pd,Hf
8 / 8 / 2019,C,Ne,Cr,Eu,Dy,Ac
10 / 8 / 2019,Ne,P,Mo,La,Er,Hg
13 / 8 / 2019,N,Ge,Nb,Pr,Re,Os
17 / 8 / 2019,O,Al,Ga,Rb,Y,Pd
19 / 8 / 2019,Cl,Ni,La,Dy,Ho,Lu
20 / 8 / 2019,Ca,Br,Zr,Nb,Au,Ra
22 / 8 / 2019,H,Mg,Cr,Mo,Tb,Ho
24 / 8 / 2019,Ca,Kr,Zr,Mo,Eu,Rn
27 / 8 / 2019,Be,P,Se,Rb,Ag,Ta
29 / 8 / 2019,Sc,Rb,Rh,I,Bi,Po
31 / 8 / 2019,Ga,Br,Te,Pr,Nd,Re
3 / 9 / 2019,Ar,Cu,Y,Ce,Pr,Os
5 / 9 / 2019,N,Fe,Ga,Se,Te,Xe
7 / 9 / 2019,F,Cu,Tc,Dy,Yb,Po
10 / 9 / 2019,P,S,Sc,In,Sn,Bi
12 / 9 / 2019,Mg,Cl,Ca,Sm,Hg,Ra
14 / 9 / 2019,H,N,Ne,Zr,Te,Pr
17 / 9 / 2019,F,Ar,Fe,Tc,Nd,Au
19 / 9 / 2019,Sr,Sn,I,Ba,Tb,Os
21 / 9 / 2019,Ga,Kr,Ru,Ag,Sn,Ba
24 / 9 / 2019,N,Rh,Cs,Nd,Tl,Ac
26 / 9 / 2019,Cl,Ca,Mo,Ru,Bi,Th
28 / 9 / 2019,Rb,In,Dy,Re,Ir,Pb
1 / 10 / 2019,Na,Pr,Eu,Ta,Po,Ac
3 / 10 / 2019,Be,B,Ga,Br,Pd,Hg
5 / 10 / 2019,Ca,Sr,Te,Ce,Er,Hf
8 / 10 / 2019,Mn,Br,Ag,Yb,Au,Fr
10 / 10 / 2019,F,Mg,Cu,Mo,Tb,Re
12 / 10 / 2019,B,As,Zr,Rh,Au,Th
15 / 10 / 2019,B,Sr,Rh,Xe,Pr,Tb
17 / 10 / 2019,Ne,Cu,As,Cs,Tb,Hf
19 / 10 / 2019,P,Zn,Re,Os,Ir,Au
22 / 10 / 2019,F,Ni,Zr,Ir,Au,Tl
24 / 10 / 2019,Ar,Sb,I,La,Pb,Fr
26 / 10 / 2019,O,Mg,Al,Si,Sb,Bi
29 / 10 / 2019,Sc,Ge,Ag,Pm,Ho,Er
31 / 10 / 2019,Br,Nb,I,Nd,Tb,Hg
2 / 11 / 2019,Ne,K,Zn,Er,Pt,Hg
5 / 11 / 2019,Ge,Ba,Gd,Tb,Fr,Th
7 / 11 / 2019,Be,F,Rb,Cd,In,Ir
9 / 11 / 2019,H,Sc,Tc,Sb,Tl,Ra
12 / 11 / 2019,Si,P,Sb,Cs,Pm,Ta
14 / 11 / 2019,As,Te,La,Hf,Os,Tl
16 / 11 / 2019,N,Cu,Ga,Ce,Tb,Rn
19 / 11 / 2019,K,Fe,Ba,W,Ir,Pb
21 / 11 / 2019,V,Cu,Br,Sn,La,Nd
23 / 11 / 2019,Mg,Cu,Te,Pm,Hf,Au
26 / 11 / 2019,Sc,Ti,Br,Eu,Os,Au
28 / 11 / 2019,N,S,Cl,Sn,Te,W
30 / 11 / 2019,He,Sc,Ag,Te,Dy,Ir
3 / 12 / 2019,Be,B,O,Ti,Cd,Bi
5 / 12 / 2019,S,Mn,Te,Pr,Gd,W
7 / 12 / 2019,Na,Sc,Ru,Ho,Ir,Hg
10 / 12 / 2019,Na,Rb,Zr,Mo,Ce,Pb
12 / 12 / 2019,Na,Mn,Y,Cd,Sb,Lu
14 / 12 / 2019,O,Ne,Tc,Te,Nd,Bi
17 / 12 / 2019,Be,O,Rb,Ru,Rn,Ra
19 / 12 / 2019,Li,Si,Mn,Tc,W,Hg
21 / 12 / 2019,F,Ni,Kr,Sn,Dy,Th
23 / 12 / 2019,Cl,Zn,Rh,Ba,Fr,Ac
24 / 12 / 2019,Ru,Cd,Cs,Ho,Pb,Th
28 / 12 / 2019,Li,O,S,Ni,Mo,Tb
31 / 12 / 2019,Li,Ge,Kr,Tc,Sm,Hg
2 / 1 / 2020,B,Rh,Eu,Gd,Pt,At
4 / 1 / 2020,V,Zn,Rb,Ru,La,Hg
7 / 1 / 2020,He,V,Nd,Dy,Hf,Pt
9 / 1 / 2020,B,Si,Xe,Cs,Dy,Pt
11 / 1 / 2020,Se,Kr,Sr,Eu,Hf,Tl
14 / 1 / 2020,H,C,F,Ge,Er,At
16 / 1 / 2020,Ti,Cu,Sn,I,Hf,Bi
18 / 1 / 2020,Fe,Ni,Ge,Sn,Au,Fr
21 / 1 / 2020,C,Ge,Pd,I,Yb,Re
23 / 1 / 2020,P,Ca,V,Tm,Hf,Tl
25 / 1 / 2020,Na,S,Cl,Br,Er,Th
28 / 1 / 2020,S,Sc,As,Sn,La,Ac
30 / 1 / 2020,O,Pd,I,Sm,Ir,Po
1 / 2 / 2020,Ti,Mn,Rh,Pd,Cd,Ra
4 / 2 / 2020,Sc,Cu,Se,Gd,Hf,Au
6 / 2 / 2020,Li,Ca,Cu,In,Tb,Pb
8 / 2 / 2020,P,Ge,Xe,Ba,Pm,At
11 / 2 / 2020,S,Cr,Rh,Er,Hf,Tl
13 / 2 / 2020,Be,P,Tc,Tm,W,Po
15 / 2 / 2020,Al,Fe,Zr,Cs,Tb,Rn
18 / 2 / 2020,Fe,Rh,Ce,Tm,Hf,Pb
20 / 2 / 2020,Ca,Kr,Cs,Tm,Hg,At
22 / 2 / 2020,H,Ni,La,Ce,Nd,Er
25 / 2 / 2020,Ne,P,V,Xe,Ta,W
27 / 2 / 2020,Cl,Sb,Nd,Lu,Re,Au
29 / 2 / 2020,F,Br,Ru,Sn,Ta,Pt
3 / 3 / 2020,B,Na,K,Fe,Kr,Gd
5 / 3 / 2020,Al,Zr,Cd,Ho,Tm,At
7 / 3 / 2020,Na,Al,Ga,Nb,At,Fr
10 / 3 / 2020,O,Br,Nb,Tc,La,Hg
12 / 3 / 2020,K,Ti,Nb,Pd,Ba,Rn
14 / 3 / 2020,H,Al,Ar,Ag,Er,Re
17 / 3 / 2020,Cl,Cu,Zn,In,Eu,Tb
19 / 3 / 2020,N,Na,Cl,Ni,Cu,Sn
21 / 3 / 2020,B,Al,Sr,Y,Te,Pr
5 / 5 / 2020,Y,Tc,Ce,Ta,Bi,Rn
7 / 5 / 2020,Ti,Br,Rh,Te,La,Re
9 / 5 / 2020,Se,Rh,Pr,Dy,Yb,Pt
12 / 5 / 2020,Sc,Sr,Cs,Nd,Tb,At
14 / 5 / 2020,Mg,Cl,Ca,Xe,Pm,Hg
16 / 5 / 2020,He,N,Lu,Pt,Po,Fr
19 / 5 / 2020,Fe,Nb,Sb,Sm,Dy,At
21 / 5 / 2020,Li,Sc,Ru,Tm,Ta,Tl
23 / 5 / 2020,B,P,Pm,Re,Pb,Rn
26 / 5 / 2020,Ne,V,Co,Pd,Er,W
28 / 5 / 2020,S,Cu,Ga,Ta,Os,Pb
30 / 5 / 2020,Li,Co,Pd,Te,Yb,W
1 / 6 / 2020,F,Ni,In,Tb,Os,Tl
4 / 6 / 2020,B,S,V,Zn,Zr,Lu
6 / 6 / 2020,Be,Sc,Rb,Rh,Sn,Au
9 / 6 / 2020,O,Si,Zn,Ce,Lu,Fr
11 / 6 / 2020,H,N,V,Ag,Er,Tm
13 / 6 / 2020,Ca,Mo,I,La,Sm,Ta
16 / 6 / 2020,H,Na,Y,Pr,Er,W
18 / 6 / 2020,Be,C,P,Br,Ho,Ta
20 / 6 / 2020,S,Cu,Y,Cs,Eu,Rn
23 / 6 / 2020,Zr,Ru,Te,Pr,Dy,Tm
25 / 6 / 2020,Si,Br,Nb,Sb,Po,At
27 / 6 / 2020,Al,As,Br,Nd,Pt,Tl
30 / 6 / 2020,C,N,La,Pm,Au,Ac
2 / 7 / 2020,Mg,As,Mo,Ba,Pt,Au
4 / 7 / 2020,As,Sr,Pd,Pr,Tb,Ta
7 / 7 / 2020,S,Cr,Cu,I,Ta,Ra
9 / 7 / 2020,H,Ne,Fe,Zr,Gd,Ra
11 / 7 / 2020,C,Ne,K,Ca,Zr,Ho
14 / 7 / 2020,Cl,Br,Yb,Lu,W,Pb
16 / 7 / 2020,Br,Y,Zr,Gd,Ho,Re
18 / 7 / 2020,Ar,As,In,Os,Hg,Po
21 / 7 / 2020,Be,Se,Pd,Xe,Cs,Sm
23 / 7 / 2020,Ne,Cu,Rb,In,Ba,La
25 / 7 / 2020,Ar,Zn,Mo,Yb,Pt,Hg
28 / 7 / 2020,V,Rh,In,Lu,Hg,Pb
30 / 7 / 2020,Be,P,K,Fe,Ni,Cs
1 / 8 / 2020,Be,Si,Cl,Ar,Fe,Rh
4 / 8 / 2020,B,K,Sc,Mn,Rh,Pb
6 / 8 / 2020,Sc,Rb,Zr,Pd,Tm,Hg
8 / 8 / 2020,C,S,Ti,Cs,Ce,Bi
11 / 8 / 2020,N,F,Sr,Er,Pt,Hg
13 / 8 / 2020,Be,B,In,La,Dy,Re
17 / 8 / 2020,B,F,Fe,Sm,Ir,Au
18 / 8 / 2020,Al,Ti,Ni,Ce,Tb,Ir
20 / 8 / 2020,N,Cl,Zn,Y,Nb,Ho
22 / 8 / 2020,N,Mg,Rh,Ag,Ta,Fr
25 / 8 / 2020,P,Cr,Ga,Yb,Bi,Po
27 / 8 / 2020,Rb,In,Te,I,Re,Fr
29 / 8 / 2020,H,Li,Br,Mo,Cs,Pm
1 / 9 / 2020,Ne,Ti,Ni,Rh,Cd,Lu
3 / 9 / 2020,S,Cl,Sr,Y,Er,Po
5 / 9 / 2020,N,Si,Co,Ba,Hf,Bi
8 / 9 / 2020,V,Co,Ni,Ga,Tm,Ac
10 / 9 / 2020,Pd,Cd,Ho,Pt,Hg,Fr
12 / 9 / 2020,C,P,Kr,Mo,Ho,Pt
15 / 9 / 2020,He,F,Ru,Ag,Te,Xe
17 / 9 / 2020,F,Cu,Br,Ag,I,At
19 / 9 / 2020,C,Mg,Si,Co,Y,Ta
22 / 9 / 2020,Be,P,Rb,Cd,Cs,Tm
24 / 9 / 2020,Ne,Al,Ni,Ir,Rn,Ac
26 / 9 / 2020,Be,S,Sr,Yb,Rn,Ra
29 / 9 / 2020,Mn,As,I,Os,Tl,Th
1 / 10 / 2020,N,Ga,Sr,Te,Pm,Re
3 / 10 / 2020,B,Cl,Pr,Pm,Yb,Au
6 / 10 / 2020,O,Cs,Ho,Ta,W,Ac
8 / 10 / 2020,O,Br,Sb,Nd,Eu,Re
10 / 10 / 2020,Mg,P,K,Cr,Pd,Ta
13 / 10 / 2020,Ag,Ba,Ce,Nd,Au,At
15 / 10 / 2020,Cu,Sr,Ag,Pm,Er,Rn
17 / 10 / 2020,Cr,Ni,Se,Cs,Sm,Fr
20 / 10 / 2020,Cr,Cu,Kr,Tc,Sn,Sb
22 / 10 / 2020,H,S,Sc,Kr,Rb,Tc
24 / 10 / 2020,Cl,K,Ni,Nb,In,Rn
27 / 10 / 2020,K,Fe,In,I,Cs,Ir
29 / 10 / 2020,F,Ge,Nb,Tc,Ru,Po
31 / 10 / 2020,Ti,Ga,Br,Zr,Tb,Pb
3 / 11 / 2020,Ar,Y,Rh,Cd,I,Gd
5 / 11 / 2020,B,Ne,Ar,Cr,Tm,At
7 / 11 / 2020,H,He,Pm,Tm,Yb,Pb
10 / 11 / 2020,Al,Se,Sr,Nb,Os,Ra
12 / 11 / 2020,Al,Br,Rb,Ce,Nd,Ra
14 / 11 / 2020,Li,Zn,Ag,Ho,Er,Ac
17 / 11 / 2020,N,Ar,Ca,Ge,Rh,Cs
19 / 11 / 2020,C,Al,Ag,In,Tm,Rn
21 / 11 / 2020,C,Cr,Rb,Cs,Os,Pb
24 / 11 / 2020,F,P,S,V,La,Os
26 / 11 / 2020,He,F,Y,Te,Ho,Os
28 / 11 / 2020,Mg,Cu,Pm,Tl,Fr,Th
1 / 12 / 2020,Sc,Zn,Ge,Sm,Pt,Hg
3 / 12 / 2020,Ti,As,Tc,Cd,Fr,Ac
5 / 12 / 2020,Fe,Ge,Y,Zr,La,Tb
7 / 12 / 2020,H,C,Ca,Mn,Yb,Th
10 / 12 / 2020,H,C,Mn,Mo,Re,Hg
12 / 12 / 2020,Na,Si,Ar,Pr,Gd,At
15 / 12 / 2020,Ne,S,Ag,Sb,Hg,At
17 / 12 / 2020,B,F,Mg,Si,Fe,Rb
19 / 12 / 2020,Kr,Y,Rh,Sn,Sm,Dy
22 / 12 / 2020,P,S,Ti,Pd,Sb,Hf
24 / 12 / 2020,Ti,Mn,Ga,Au,Fr,Th
28 / 12 / 2020,O,Mn,Y,Xe,Pr,Po
29 / 12 / 2020,P,Ti,Sr,Sb,Nd,W
31 / 12 / 2020,N,Si,Ca,Dy,Er,Au
2 / 1 / 2021,Br,Rb,Sn,Re,Ir,Tl
5 / 1 / 2021,Mg,K,Zn,Nd,Lu,Pt
7 / 1 / 2021,P,As,Cd,In,Ba,Ra
9 / 1 / 2021,Si,S,Br,Ag,Ce,Gd
12 / 1 / 2021,B,K,Sc,As,Pm,Th
14 / 1 / 2021,Cr,Sn,I,Xe,Sm,Ra
16 / 1 / 2021,F,Fe,La,Dy,Tl,Bi
19 / 1 / 2021,He,Co,Ni,Sr,Tc,Tb
21 / 1 / 2021,P,Cl,Sr,Zr,Rh,Tb
23 / 1 / 2021,Li,K,Co,Br,Eu,Ac
26 / 1 / 2021,Se,Y,Rh,Sb,Nd,Ac
28 / 1 / 2021,Ar,Cu,Zr,Ru,Pd,I
30 / 1 / 2021,Co,Br,Mo,Cd,Ba,Tb
2 / 2 / 2021,Ni,Nb,Xe,Ho,Pt,Rn
4 / 2 / 2021,B,K,Co,Br,Zr,Pb
6 / 2 / 2021,Kr,In,Sn,Pm,Dy,Os
9 / 2 / 2021,N,O,K,As,Zr,Cd
11 / 2 / 2021,B,Se,Ag,Nd,Tm,Yb
13 / 2 / 2021,Kr,Y,Pd,Ce,Eu,Ir
16 / 2 / 2021,F,K,Zn,Te,Pm,Os
18 / 2 / 2021,Ni,Te,Ba,Sm,Dy,Hf
20 / 2 / 2021,Li,Ar,Mn,Ga,Tb,Re
23 / 2 / 2021,N,Rb,Mo,La,Pr,Fr
25 / 2 / 2021,Al,Fe,Mo,Lu,Hf,Ta
27 / 2 / 2021,Ne,Rb,Mo,Tm,Hf,Rn
2 / 3 / 2021,Li,Ge,Y,Ba,Ir,Ac
4 / 3 / 2021,He,Be,Al,Rh,Sb,Ir
6 / 3 / 2021,Be,Kr,Tc,Pm,Hf,Ac
9 / 3 / 2021,O,P,Ca,Te,Xe,Hf
11 / 3 / 2021,F,Ga,Sb,Er,Po,Th
13 / 3 / 2021,Ni,Cu,Tc,Pr,Yb,Au
16 / 3 / 2021,Ni,Tc,Cd,Tb,Po,Ac
18 / 3 / 2021,Na,Sr,Sb,Ce,Sm,Eu
20 / 3 / 2021,C,Ne,La,Lu,W,Bi
23 / 3 / 2021,He,Na,Al,Rh,Dy,Hf
25 / 3 / 2021,P,Ni,Zn,Te,Re,Rn
27 / 3 / 2021,S,K,Nb,Hf,Pt,Pb
30 / 3 / 2021,Ne,Mn,Nb,Ce,Pt,Fr
1 / 4 / 2021,Ti,Rb,La,Sm,Bi,Th
3 / 4 / 2021,H,Y,I,Nd,Re,Os
6 / 4 / 2021,N,Co,Ta,Ir,Pt,Ac
8 / 4 / 2021,K,Cu,Br,In,Dy,Tl
10 / 4 / 2021,F,Co,Ho,Hg,Fr,Ac
13 / 4 / 2021,H,Kr,Cd,Eu,Er,Fr
15 / 4 / 2021,Mg,As,Ru,Lu,Hf,Hg
17 / 4 / 2021,N,Ca,Eu,Er,W,Ra
20 / 4 / 2021,H,Ge,Cd,Ce,Er,Re
22 / 4 / 2021,O,Na,Pd,Ag,Hf,Tl
24 / 4 / 2021,Ne,Ca,Sc,Cu,Se,Ru
27 / 4 / 2021,Nb,In,Ba,Ce,Nd,Er
29 / 4 / 2021,Si,Sm,Gd,Dy,Os,Fr
3 / 5 / 2021,P,Ar,Zr,Tc,La,Hf
4 / 5 / 2021,C,Tc,Cd,Nd,Re,At
6 / 5 / 2021,B,Ni,Sr,Cs,Au,Ac
8 / 5 / 2021,Rb,Sr,Ru,Rh,Nd,Tb
11 / 5 / 2021,V,Zn,Sn,Pr,Nd,Bi
13 / 5 / 2021,Be,Al,Ca,Sb,Tm,Pb
15 / 5 / 2021,P,Kr,In,Pr,Nd,Sm
18 / 5 / 2021,Ne,Na,P,K,Ag,Pt
20 / 5 / 2021,Co,Ga,Kr,Y,Pd,Ho
22 / 5 / 2021,H,N,Rb,Tc,Eu,Tl
25 / 5 / 2021,B,Y,Rh,In,Pr,Lu
27 / 5 / 2021,Cr,Sr,Tl,Rn,Ra,Ac
29 / 5 / 2021,V,Ga,Sm,Lu,W,Ir
1 / 6 / 2021,F,Sc,Co,Nb,Rh,I
3 / 6 / 2021,Cl,Co,Zr,Hf,Rn,Fr
5 / 6 / 2021,I,Ta,Re,Bi,Po,At
8 / 6 / 2021,He,F,Na,Hf,Os,Rn
10 / 6 / 2021,Co,Rb,Mo,Ru,Os,Bi
12 / 6 / 2021,He,F,Co,Xe,Tm,Pt
15 / 6 / 2021,Ne,Si,Mn,Tc,Xe,Tb
17 / 6 / 2021,Ca,As,Y,Mo,Tc,Pt
19 / 6 / 2021,H,Li,Nb,Cs,Po,At
22 / 6 / 2021,Zn,Sb,Ba,Pr,Tb,Er
24 / 6 / 2021,Zr,Tc,Ba,Pr,Eu,Ra
26 / 6 / 2021,Ni,Y,Ru,La,Pm,Ra
29 / 6 / 2021,Ne,Zn,Te,I,Dy,Fr
1 / 7 / 2021,O,Na,Ru,Rn,Ra,Ac
3 / 7 / 2021,Mo,Rh,Te,Tb,Yb,At
6 / 7 / 2021,Na,P,Ca,Zr,Tm,Ta
8 / 7 / 2021,Sc,Cr,Mn,Pm,Ta,W
10 / 7 / 2021,O,Al,S,Co,Ge,Sm
13 / 7 / 2021,Ce,Er,Yb,W,Os,Ac
15 / 7 / 2021,He,Mn,Rb,Xe,La,Fr
17 / 7 / 2021,C,Rb,Gd,Lu,At,Fr
20 / 7 / 2021,Ni,Se,In,Tb,Au,Th
22 / 7 / 2021,H,C,Ne,Pm,Eu,Gd
24 / 7 / 2021,Sc,Mn,Zr,Sn,Lu,Fr
27 / 7 / 2021,H,C,Cr,Kr,Pb,Bi
29 / 7 / 2021,Li,Si,Sc,Ga,Po,Ac
31 / 7 / 2021,Si,Ti,Kr,Ag,Pr,Pm
3 / 8 / 2021,Si,Cs,Tb,Er,Pt,Ra
5 / 8 / 2021,Ni,Rb,Nb,Ru,Te,Po
7 / 8 / 2021,H,N,Se,Rb,Rh,In
10 / 8 / 2021,Si,S,Ag,In,I,Ba
12 / 8 / 2021,Cl,Cs,Pr,Pm,Sm,Th
14 / 8 / 2021,I,Gd,Hf,W,Fr,Ac
17 / 8 / 2021,He,Li,Ne,Sr,Gd,Yb
19 / 8 / 2021,Li,Be,Ga,Hg,Tl,Fr
21 / 8 / 2021,O,K,Br,Pr,Rn,Th
24 / 8 / 2021,Mg,Co,Tc,Cd,Eu,Dy
26 / 8 / 2021,Cl,Sc,Ge,Zr,Cs,Os
28 / 8 / 2021,Ru,Xe,Ba,Eu,Os,Ir
31 / 8 / 2021,Li,B,Ne,Ru,Os,Ir
2 / 9 / 2021,B,P,Y,Hf,Os,Hg
4 / 9 / 2021,N,Nd,Er,Lu,Au,Hg
7 / 9 / 2021,N,Ca,Sc,Ga,Ho,Ac
9 / 9 / 2021,C,Ce,Gd,Ta,Os,Rn
11 / 9 / 2021,H,Zn,Kr,In,Re,At
14 / 9 / 2021,Li,Si,Mo,Te,Tm,Tl
16 / 9 / 2021,Mg,S,Zr,Pd,Ag,Bi
18 / 9 / 2021,Ti,Ba,Nd,Ta,Os,Hg
21 / 9 / 2021,B,C,Cu,Pr,Er,W
23 / 9 / 2021,O,Sc,Sr,Mo,In,Sb
25 / 9 / 2021,Na,K,Pm,Sm,Re,Os
28 / 9 / 2021,Si,Ar,K,As,Se,Hg
30 / 9 / 2021,N,Ge,As,Kr,Rh,Ag
2 / 10 / 2021,F,K,Zr,Sm,Ho,Lu
5 / 10 / 2021,Sc,Zr,Sm,Dy,Ta,At
7 / 10 / 2021,P,Ar,Ti,Fe,Dy,Ir
9 / 10 / 2021,N,F,Yb,Hf,Ir,Rn
12 / 10 / 2021,Pd,I,Cs,Nd,Gd,Th
14 / 10 / 2021,O,Si,Mn,Pr,Nd,Ra
16 / 10 / 2021,Ge,Nb,Sn,La,Ho,Ac
19 / 10 / 2021,Sc,Ni,Sr,Mo,Dy,Ra
21 / 10 / 2021,F,Ne,Fe,Co,Ir,Rn
23 / 10 / 2021,H,Na,Mg,P,Ca,Bi
26 / 10 / 2021,Ca,Cr,Mn,In,La,Er
28 / 10 / 2021,He,Mn,Se,Ho,Ta,Ir
30 / 10 / 2021,Ca,Ga,Nb,Tc,Cd,Au
2 / 11 / 2021,Ti,Co,Sb,Cs,Ir,Rn
4 / 11 / 2021,Ti,Mn,Sr,Nb,Pm,Er
6 / 11 / 2021,C,Sc,Ba,Eu,Tl,At
9 / 11 / 2021,Li,C,Si,Cl,Xe,Nd
11 / 11 / 2021,Be,V,Te,Tb,Au,Ra
13 / 11 / 2021,Al,Zr,Nd,Dy,Ta,Re
16 / 11 / 2021,N,Cl,K,Sr,Dy,Lu
18 / 11 / 2021,Ti,Cr,Sr,Mo,Ru,Fr
20 / 11 / 2021,N,Cd,Ce,Nd,Rn,Fr
23 / 11 / 2021,C,Cl,V,Cr,Tc,Hf
25 / 11 / 2021,C,Rh,Pm,Pb,Po,Ra
27 / 11 / 2021,Cr,Zn,Sr,Ag,Cd,Pt
30 / 11 / 2021,Na,Se,Ru,Gd,Re,Pb
2 / 12 / 2021,P,Cr,Cd,Nd,Yb,Ac
4 / 12 / 2021,Rb,Tc,Er,Hf,Os,At
7 / 12 / 2021,F,Mg,V,Sr,Pr,Ra
9 / 12 / 2021,Ne,Cd,Yb,Re,Au,Bi
11 / 12 / 2021,N,Cl,Rh,Gd,Os,Tl
14 / 12 / 2021,Br,Pr,Gd,Tb,Er,Ta
16 / 12 / 2021,Mg,Br,Rb,Nb,Re,Os
18 / 12 / 2021,C,Ga,Ru,La,Ta,Ir
21 / 12 / 2021,Zn,In,Pm,Sm,Au,Fr
23 / 12 / 2021,Na,P,Cl,Rb,Xe,Ac
27 / 12 / 2021,C,Ne,Na,Nb,Pm,Hg
28 / 12 / 2021,Al,K,Ag,Yb,Ir,Bi
30 / 12 / 2021,Ne,Ca,Zr,Cs,Er,Rn
3 / 1 / 2022,F,Ag,Sn,Ho,Ta,W
4 / 1 / 2022,B,Ar,Pr,Pt,Tl,Ac
8 / 1 / 2022,Br,Mo,In,Eu,Er,Pt
10 / 1 / 2022,Li,Mn,Zn,Ce,Dy,Po
11 / 1 / 2022,P,Ti,Cr,As,Sr,Lu
13 / 1 / 2022,Ne,Se,Ba,Dy,Pt,Fr
15 / 1 / 2022,C,K,Cd,Sb,Ta,Ac
18 / 1 / 2022,As,Se,Tc,Pd,In,Dy
20 / 1 / 2022,Ge,As,Rb,I,Ir,Au
22 / 1 / 2022,B,Al,Co,Rb,Sn,Pr
25 / 1 / 2022,Be,Al,S,Sc,V,Sn
27 / 1 / 2022,Zn,I,Eu,W,Bi,Ra
29 / 1 / 2022,H,V,Eu,Au,Pb,Ac
1 / 2 / 2022,B,Ne,Cu,Ga,Ag,Ce
3 / 2 / 2022,Sc,Fe,Ni,Br,Tb,Ir
5 / 2 / 2022,Zn,Y,Cd,Cs,Os,Tl
8 / 2 / 2022,Kr,Sr,La,Sm,Gd,Tl
10 / 2 / 2022,Mn,Br,Sb,Te,Ce,Pr
12 / 2 / 2022,Si,Ti,Co,Ag,Er,Ir
15 / 2 / 2022,H,F,Ru,In,Nd,W
17 / 2 / 2022,Kr,Cd,Ho,Ir,At,Fr
19 / 2 / 2022,F,Al,P,Tb,W,Tl
22 / 2 / 2022,F,P,Cu,Pr,Gd,W
24 / 2 / 2022,S,Ni,Sr,Te,Tm,Ta
26 / 2 / 2022,C,Cr,Sr,Te,Po,Fr
1 / 3 / 2022,P,Ru,Nd,Au,Tl,Bi
3 / 3 / 2022,Ga,As,Zr,Tc,Ag,Hg
5 / 3 / 2022,Li,F,Ce,Dy,Er,Hg
8 / 3 / 2022,Li,P,S,Sc,Ga,Hg
10 / 3 / 2022,Ar,Se,Y,Ag,Te,Dy
12 / 3 / 2022,Cr,Ge,Nb,Ba,Os,Hg
15 / 3 / 2022,O,Ti,I,Tb,Re,Rn
17 / 3 / 2022,Si,Te,I,Xe,Cs,Rn
19 / 3 / 2022,Ca,Nb,Pm,Ho,Ta,Bi
22 / 3 / 2022,Co,Zn,In,Er,W,Ra
24 / 3 / 2022,P,Br,Rb,Cd,Sm,Ir
26 / 3 / 2022,Ti,Sr,W,Tl,Po,Ac
29 / 3 / 2022,F,Ge,Cd,Cs,Er,Hf
31 / 3 / 2022,P,Tc,Sb,Pr,Gd,W
2 / 4 / 2022,Cr,Br,Rh,Xe,Tb,Er
5 / 4 / 2022,B,Sc,Cd,Eu,Bi,Rn
7 / 4 / 2022,Na,Ca,Mo,Tc,Sb,Rn
9 / 4 / 2022,He,Ti,Co,Mo,Te,Ac
12 / 4 / 2022,P,Co,Ge,Sb,W,Ir
14 / 4 / 2022,B,O,Ti,Sr,Sn,Cs
16 / 4 / 2022,N,Sc,Mn,Tm,Os,Ir
19 / 4 / 2022,Ge,Nb,Eu,Lu,Os,Ac
21 / 4 / 2022,Cl,Ge,Pd,In,Ir,Ra
23 / 4 / 2022,C,Ar,V,As,La,Lu
26 / 4 / 2022,Ca,Ru,Sm,Gd,Ho,Pt
28 / 4 / 2022,Cr,Pm,Tb,Ho,Lu,Th
30 / 4 / 2022,Ti,Mn,Se,Te,Hf,At
3 / 5 / 2022,Al,Cr,Ru,Ag,Dy,Hg
5 / 5 / 2022,Mn,Ga,Rb,Sr,Ir,Pb
7 / 5 / 2022,Cu,Nb,Tc,Pd,Sb,Tl
10 / 5 / 2022,Mn,Rb,Ag,Cs,Ta,Tl
12 / 5 / 2022,Sc,Fe,Ni,Xe,Hg,At
14 / 5 / 2022,Al,K,Y,Mo,Ta,Bi
17 / 5 / 2022,Fe,Cu,Ge,Cd,Tb,Au
19 / 5 / 2022,He,F,Al,Y,Zr,Ac
21 / 5 / 2022,He,Ca,Mn,Ho,Pt,Hg
24 / 5 / 2022,Ti,Cr,Mn,Ge,Pd,Ta
26 / 5 / 2022,Ne,Si,Cl,Ge,Rh,Fr
28 / 5 / 2022,Co,Mo,Cs,Tb,Po,Th
31 / 5 / 2022,Sc,Se,Br,Cd,Eu,Pb
4 / 6 / 2022,He,Br,Nb,Tc,Tb,Lu
6 / 6 / 2022,O,Ti,Ga,I,Pr,Rn
7 / 6 / 2022,Sc,Ga,In,Tm,Ir,Th
9 / 6 / 2022,Be,Mg,Ca,Ge,Ba,Ra
11 / 6 / 2022,B,O,Ar,Ni,As,Pr
14 / 6 / 2022,N,Se,Cd,Sn,I,Ho
16 / 6 / 2022,Ga,Xe,Ba,Nd,Dy,Pb
18 / 6 / 2022,He,Mg,S,Co,W,Pt
21 / 6 / 2022,Mg,S,Ge,Pd,Nd,Bi
23 / 6 / 2022,Se,Rb,Te,Cs,Ba,Dy
25 / 6 / 2022,Be,Zn,Mo,Pd,Ce,Ac
28 / 6 / 2022,K,Ge,Kr,Cs,Lu,Tl
30 / 6 / 2022,C,F,Mg,S,Ge,Au
2 / 7 / 2022,H,B,Mn,Se,Sr,Dy
5 / 7 / 2022,S,Cl,In,Dy,Pb,Rn
7 / 7 / 2022,Cl,Cr,Mn,Br,Dy,Ta
9 / 7 / 2022,Ni,Ga,Nb,Sb,Yb,Bi
12 / 7 / 2022,Na,Ba,Eu,Dy,Er,Hf
14 / 7 / 2022,Li,Na,Ni,Y,Tb,Re
16 / 7 / 2022,Ni,Cu,Sr,Tc,Sm,Lu
19 / 7 / 2022,He,Cl,Co,Ru,Pt,Au
21 / 7 / 2022,N,Si,Cr,Tc,Ru,Th
23 / 7 / 2022,Cu,Ge,Pd,Ba,Dy,Th
26 / 7 / 2022,O,Ga,Se,Ru,Ba,Ir
28 / 7 / 2022,K,Ca,Ti,Xe,Hf,Ra
30 / 7 / 2022,N,Mn,Ni,Sm,Hg,Fr
2 / 8 / 2022,F,Mn,Fe,In,Er,W
4 / 8 / 2022,Ca,V,Rh,Dy,Bi,Fr
6 / 8 / 2022,H,Sc,Cu,Zr,Mo,Ce
9 / 8 / 2022,P,Mn,Fe,Cu,Sr,Y
11 / 8 / 2022,C,Ge,Se,Ba,Ce,Fr
13 / 8 / 2022,O,In,Sm,Tb,Bi,Ra
16 / 8 / 2022,Al,K,Pr,W,Tl,Po
18 / 8 / 2022,B,Mn,Mo,Sb,Lu,Po
20 / 8 / 2022,K,Ni,Ga,Ce,Ir,At
23 / 8 / 2022,N,Ru,Ag,Sb,Te,At
25 / 8 / 2022,As,Nb,Mo,Po,Rn,Ra
27 / 8 / 2022,Li,B,P,Y,Rh,Hg
30 / 8 / 2022,C,Na,V,Rh,La,Re
1 / 9 / 2022,He,B,Al,K,Xe,Ac
3 / 9 / 2022,Ti,Mn,Zn,Rb,Ru,Os
6 / 9 / 2022,Na,Al,K,Se,In,Te
8 / 9 / 2022,Ar,Fe,Y,Sn,Lu,Th
10 / 9 / 2022,Sm,Dy,Er,Yb,Re,Bi
13 / 9 / 2022,B,F,S,Ca,V,Tm
15 / 9 / 2022,Co,Se,Mo,Pr,Hf,Os
17 / 9 / 2022,H,Ne,Si,Ar,Mo,Nd
20 / 9 / 2022,H,Sr,Y,Zr,Sn,Bi
22 / 9 / 2022,P,Zn,Mo,Tb,Re,Tl
24 / 9 / 2022,K,Fe,Br,Ru,In,Tb
27 / 9 / 2022,B,Ti,Mo,In,Sm,Eu
29 / 9 / 2022,C,Br,Rb,Pd,Pr,Rn
1 / 10 / 2022,Li,Na,Si,Fe,Ho,Pb
4 / 10 / 2022,Be,F,Cs,Er,Hg,Po
6 / 10 / 2022,Ne,Ca,Ni,Sm,Yb,Fr
8 / 10 / 2022,Fe,As,Nb,Sb,Hg,Po
11 / 10 / 2022,H,As,Br,Y,Pd,Ce
13 / 10 / 2022,Be,Ca,Gd,Tb,Tm,Au
15 / 10 / 2022,Mg,Fe,Se,Tm,W,Bi
18 / 10 / 2022,Be,B,Ga,Ba,La,Pr
20 / 10 / 2022,C,O,Y,Tb,Ho,Tm
22 / 10 / 2022,Li,Ni,Ga,Tc,I,Pr
25 / 10 / 2022,H,K,Nb,Cd,Er,Lu
27 / 10 / 2022,Co,Ni,Ge,Zr,In,Hf
29 / 10 / 2022,P,Ge,Dy,W,Au,Rn
31 / 10 / 2022,Mg,Cl,Ge,Gd,Tl,Po
3 / 11 / 2022,Ne,P,Rb,Zr,Tc,Pr
5 / 11 / 2022,Na,Ar,Nb,Sn,Eu,W
8 / 11 / 2022,P,Ga,As,Ru,Pd,Ta
